alpha_deg,0.1,0.6,1.1,1.6,2.1,2.6,3.1,3.6,4.1,4.6,5.1,5.6,6.1,6.6,7.1,7.6,8.1,8.6,9.1,9.6,10.1
-12,0.19896086,0.13914801,0.13242151,0.12980548,0.12997617,0.14300637,0.14663479,0.14671694,0.14636184,0.14566789,0.14481157,0.14379675,0.14254795,0.14101917,0.13928413,0.13757092,0.13615156,0.13511775,0.13389176,0.1294384,0.092451692
-11,0.19052065,0.12768896,0.12020299,0.11676282,0.11561914,0.12092044,0.13027266,0.13275042,0.13250237,0.13100233,0.12845423,0.12546438,0.12152868,0.11222109,0.088656208,0.085324384,0.082919312,0.080691487,0.07869231,0.076965359,0.075496497
-10,0.1828507,0.11660574,0.10780252,0.10420497,0.10189113,0.10243265,0.11030811,0.11528283,0.11478857,0.10472973,0.087166779,0.08223756,0.078634168,0.075225798,0.072240961,0.069824006,0.067937073,0.066461675,0.065276352,0.064285657,0.063423076
-9,0.17597998,0.10602779,0.095862807,0.092056009,0.089969314,0.091230334,0.098963944,0.093549189,0.081217469,0.075505353,0.070828568,0.067274598,0.064471101,0.062139066,0.060194633,0.058596919,0.057289228,0.056202913,0.05527365,0.054451441,0.053701893
-8,0.16983361,0.096060491,0.085083858,0.080367267,0.080377645,0.087801877,0.086453102,0.074584224,0.067301195,0.062606766,0.058658371,0.055735462,0.053652206,0.052046946,0.050698041,0.049512012,0.048451706,0.047497749,0.046635483,0.045852408,0.045137726
-7,0.16434007,0.087011966,0.075197804,0.070155804,0.067747349,0.072978999,0.073383286,0.066161434,0.058617946,0.054034597,0.050601822,0.047888561,0.0458751,0.044368342,0.043162636,0.042130431,0.04120932,0.040371302,0.039603922,0.038900659,0.038256923
-6,0.15953717,0.07914063,0.066444572,0.06109238,0.05824793,0.057611534,0.060405201,0.058188203,0.053921497,0.049278826,0.045618338,0.042953605,0.040861097,0.039161748,0.037765093,0.03659811,0.03560406,0.034742565,0.033985684,0.033313634,0.032712056
-5,0.15549469,0.072752369,0.059355767,0.053732689,0.050396724,0.048272184,0.047837684,0.048439763,0.047404854,0.045262777,0.042521621,0.039773272,0.037511784,0.035759701,0.034350116,0.033160098,0.032125769,0.031213343,0.030401924,0.029676514,0.029025273
-4,0.15224407,0.067937521,0.054015694,0.048144724,0.044627739,0.04183932,0.039954719,0.039236604,0.039016234,0.038526159,0.037533179,0.03618547,0.034708711,0.033236521,0.031841006,0.03057144,0.029452769,0.028481582,0.027637673,0.026897343,0.026240329
-3,0.14981625,0.064494707,0.050177845,0.043915911,0.040253056,0.03738594,0.035064196,0.033591625,0.032843241,0.032289827,0.031630199,0.030859278,0.030028226,0.029183182,0.028358469,0.027572039,0.026828341,0.026124787,0.025456955,0.024821524,0.024217579
-2,0.14820412,0.062216699,0.047616429,0.040929099,0.036970374,0.034111116,0.031854574,0.030165934,0.028985649,0.028160642,0.027518411,0.026896793,0.026223703,0.025523086,0.024833662,0.024176742,0.023562963,0.022998314,0.022485831,0.022025637,0.021615263
-1,0.14731664,0.060934341,0.046167093,0.039170739,0.034946916,0.032042176,0.029881292,0.028225376,0.026930457,0.025885505,0.025014946,0.024269363,0.023612587,0.023016256,0.022460949,0.021937667,0.021445863,0.02098905,0.020571236,0.020194695,0.019859367
0,0.14703745,0.060522068,0.045701053,0.038592499,0.03426446,0.031333517,0.029203963,0.027577788,0.026282059,0.025205413,0.024277337,0.023456328,0.022721097,0.022063056,0.021479808,0.020969829,0.020529972,0.020154156,0.019833613,0.019557254,0.019312901
1,0.14731667,0.060934382,0.046167064,0.039170739,0.034946927,0.032042205,0.029881281,0.028225376,0.026930457,0.025885505,0.025014946,0.024269363,0.023612579,0.023016264,0.022460949,0.021937675,0.021445871,0.020989078,0.020571222,0.020194687,0.019859376
2,0.14820422,0.062216659,0.04761643,0.040929099,0.036970384,0.034111116,0.031854574,0.030165934,0.028985631,0.028160633,0.027518384,0.026896803,0.026223703,0.025523092,0.024833643,0.024176749,0.023562966,0.022998309,0.022485839,0.022025637,0.021615243
3,0.14981625,0.064494707,0.050177845,0.04391591,0.040253056,0.03738594,0.035064196,0.033591625,0.032843241,0.032289827,0.031630199,0.030859278,0.030028226,0.029183182,0.028358469,0.027572039,0.026828341,0.026124787,0.025456955,0.024821524,0.024217579
4,0.15224407,0.067937491,0.054015656,0.048144723,0.044627753,0.041839321,0.039954736,0.039236604,0.039016228,0.038526157,0.037533188,0.036185475,0.03470872,0.033236529,0.03184101,0.030571446,0.029452746,0.028481585,0.027637672,0.02689735,0.026240333
5,0.15549476,0.072752413,0.059355772,0.053732686,0.050396692,0.048272183,0.04783768,0.048439747,0.047404853,0.045262801,0.042521615,0.039773274,0.037511788,0.035759701,0.034350139,0.033160092,0.032125768,0.031213347,0.030401918,0.029676488,0.029025263
6,0.15953717,0.07914063,0.066444596,0.061092381,0.058247891,0.057611537,0.060405201,0.058188203,0.053921497,0.049278826,0.045618338,0.042953605,0.040861097,0.039161748,0.037765093,0.03659811,0.03560406,0.034742565,0.033985684,0.033313634,0.032712056
7,0.16433998,0.087011966,0.07519781,0.070155801,0.067747372,0.07297896,0.073383274,0.066161384,0.058617931,0.054034646,0.050601813,0.047888572,0.045875084,0.044368337,0.043162643,0.042130471,0.041209288,0.040371304,0.039603895,0.038900636,0.038256931
8,0.16983352,0.096060477,0.085083896,0.080367271,0.080377593,0.087801955,0.086453153,0.074584242,0.067301182,0.062606797,0.058658397,0.055735463,0.053652221,0.052046964,0.050698051,0.049512015,0.048451732,0.047497752,0.046635524,0.04585243,0.045137738
9,0.17597998,0.10602783,0.095862692,0.092055967,0.089969299,0.091230363,0.098964031,0.093549189,0.081217469,0.075505353,0.070828568,0.067274598,0.064471101,0.062139066,0.060194633,0.058596919,0.057289228,0.056202913,0.05527365,0.054451441,0.053701893
10,0.18285055,0.11660575,0.10780262,0.10420495,0.10189111,0.10243267,0.11030802,0.11528284,0.11478854,0.10472974,0.087166816,0.082237625,0.078634136,0.07522588,0.07224102,0.069824045,0.06793707,0.066461759,0.065276385,0.064285602,0.063423073
11,0.19052075,0.12768896,0.12020294,0.11676269,0.11561911,0.12092036,0.13027263,0.13275036,0.13250232,0.13100241,0.12845433,0.1254643,0.12152858,0.11222111,0.088656245,0.08532431,0.082919331,0.080691426,0.078692272,0.076965349,0.075496543
12,0.19896085,0.13914801,0.1324215,0.1298056,0.12997617,0.14300639,0.14663488,0.1467169,0.14636184,0.14566789,0.14481157,0.14379675,0.14254795,0.14101917,0.13928413,0.13757092,0.13615156,0.13511775,0.13389176,0.1294384,0.092451692
13,0.2080422,0.15072924,0.14463262,0.14306424,0.14841864,0.15995733,0.16140131,0.16135934,0.16088654,0.16034485,0.1598129,0.15925242,0.15859138,0.15779279,0.15687802,0.15588587,0.15484575,0.15377434,0.15268624,0.15161604,0.15063592
14,0.21757976,0.16231338,0.15697359,0.15647889,0.17078323,0.17531214,0.17589423,0.17562624,0.17507693,0.17451675,0.1739485,0.1732644,0.17245175,0.17159215,0.17074959,0.16994396,0.16916547,0.16839529,0.16761947,0.16683011,0.1660266
15,0.22738394,0.17391943,0.16943116,0.17025686,0.18689486,0.18978984,0.18987635,0.18928757,0.18864729,0.18802541,0.18723015,0.18626461,0.18527757,0.18435166,0.18349745,0.18270112,0.18195298,0.18124756,0.18058116,0.17994687,0.17933604
16,0.23734955,0.1855716,0.18206784,0.18861448,0.20241585,0.20367874,0.20326952,0.20253451,0.20187389,0.2010084,0.1999122,0.1987985,0.19775832,0.19679488,0.19590452,0.19509147,0.19435672,0.19369169,0.19308261,0.19251414,0.19197445
17,0.24748983,0.19728774,0.19508092,0.21110343,0.21681018,0.21709039,0.21627548,0.21552697,0.21465323,0.21347234,0.21225506,0.21110221,0.21001926,0.20902171,0.20812694,0.2073337,0.20662383,0.20597508,0.20537101,0.20480125,0.20426094
18,0.25785472,0.20911782,0.20859364,0.22618322,0.23030213,0.22994899,0.22898873,0.22812667,0.22689185,0.22557781,0.22431839,0.22311861,0.22201477,0.22103492,0.22017101,0.21939444,0.21867879,0.2180088,0.21737799,0.21678387,0.21622667
19,0.26845097,0.22114248,0.22241727,0.24123491,0.24342449,0.24240584,0.2414369,0.24019512,0.23876714,0.23738819,0.23606436,0.23484759,0.23377551,0.2328322,0.23197879,0.23118833,0.23044804,0.22975379,0.22910435,0.22849866,0.22793407
20,0.27923502,0.23344502,0.23637645,0.2554568,0.25595394,0.2546179,0.25345437,0.2519156,0.25039106,0.24891699,0.24755864,0.2463716,0.24533312,0.24439536,0.24352833,0.24272139,0.24197105,0.24127405,0.24062749,0.24002545,0.2394652
21,0.29014765,0.24609523,0.25451419,0.26861636,0.26802494,0.26663788,0.2651153,0.26344603,0.2617997,0.26025261,0.25890584,0.25774125,0.25670062,0.25574898,0.25487464,0.2540717,0.2533344,0.25265473,0.25202434,0.25143666,0.25088754
22,0.30114551,0.25914678,0.27595747,0.28140887,0.27985313,0.27835704,0.27661039,0.27483262,0.27306598,0.27149656,0.27015438,0.26897496,0.26791585,0.26696038,0.26609875,0.26532006,0.26461018,0.26395655,0.26335025,0.26278402,0.2622549
23,0.31221555,0.27263629,0.28981314,0.29385266,0.29160878,0.28984553,0.28803245,0.28611459,0.28427434,0.28268702,0.28131369,0.28010409,0.27903726,0.27809732,0.27726494,0.27651968,0.27584334,0.27522175,0.27464601,0.27411032,0.27361219
24,0.32337368,0.28658339,0.30334491,0.30574647,0.30323295,0.3012604,0.29940141,0.29734719,0.29545677,0.29382047,0.29239998,0.29117233,0.29011731,0.28920698,0.28841053,0.28770334,0.28706452,0.2864823,0.28594676,0.28545328,0.28499859
25,0.33465222,0.30098556,0.31749,0.31741268,0.31466588,0.31269429,0.31072732,0.30856241,0.30660205,0.30489639,0.30343945,0.30221496,0.30118658,0.30031226,0.29955661,0.29889182,0.29829876,0.29776496,0.29728127,0.29684202,0.29644267
26,0.34608541,0.31580174,0.3310704,0.32902446,0.32599369,0.32415488,0.32202528,0.31975072,0.31769375,0.31592473,0.31445484,0.31324985,0.31225591,0.31142321,0.31071287,0.31009928,0.30956228,0.3090889,0.30866933,0.30829578,0.30796313
27,0.35769955,0.33091935,0.34397095,0.34061711,0.33734477,0.3356109,0.3332933,0.33088504,0.32872497,0.32691606,0.32545388,0.32427913,0.32332536,0.32254056,0.32188587,0.32133372,0.32086521,0.32046391,0.32011951,0.31982203,0.31956651
28,0.36950368,0.34609952,0.35651947,0.35209299,0.34878737,0.3470281,0.34450579,0.34194056,0.33969488,0.33787162,0.33643101,0.33529353,0.33438813,0.33366056,0.3330726,0.33259561,0.33220584,0.33188902,0.33162931,0.33141678,0.33124436
29,0.38148295,0.36092195,0.36878024,0.36337757,0.36030001,0.35837836,0.35562566,0.35290122,0.35059763,0.34877939,0.34737041,0.34627868,0.3454312,0.34477364,0.34426427,0.34387423,0.34357541,0.34335024,0.34318252,0.34306039,0.34297574
30,0.39359826,0.37478183,0.38053307,0.3744956,0.37180953,0.36962457,0.36661661,0.36375315,0.36141914,0.35961874,0.35824969,0.357214,0.35643696,0.35586098,0.3554431,0.3551487,0.35494945,0.35482271,0.35475186,0.35472374,0.35472987
31,0.40577986,0.3872343,0.39184358,0.38552486,0.38323279,0.38072158,0.37744889,0.37447824,0.37213458,0.3703623,0.36904306,0.3680746,0.36737994,0.36689808,0.36658196,0.36639168,0.36629559,0.36627081,0.36629895,0.36636667,0.36646491
32,0.41792834,0.39901995,0.4029967,0.39651838,0.39449743,0.39161909,0.38809583,0.38505038,0.38271125,0.38097683,0.37971818,0.3788308,0.37823059,0.37785203,0.37764284,0.37756057,0.37757113,0.37764977,0.37777761,0.37794047,0.37813002
33,0.42991955,0.4124877,0.41406751,0.4074665,0.40554308,0.40227146,0.39853107,0.39543685,0.39311327,0.39142677,0.39024134,0.38944451,0.38894794,0.38867957,0.38858193,0.38860941,0.38872694,0.38890859,0.3891339,0.38939092,0.38967098
34,0.44160889,0.42817752,0.42498092,0.41830361,0.41631087,0.4126388,0.40872158,0.40559804,0.40330005,0.40167309,0.40057073,0.39987461,0.39948803,0.39933279,0.3993468,0.39948395,0.39970639,0.39998752,0.40030799,0.40065747,0.40102572
35,0.45283829,0.44280061,0.43559899,0.42893626,0.42674363,0.42268383,0.41862909,0.41549047,0.41322878,0.41167138,0.41066198,0.41007221,0.40979887,0.40975702,0.40988213,0.41012568,0.41044988,0.41082724,0.41124116,0.41167833,0.41213112
36,0.46344991,0.45427351,0.44579319,0.43926632,0.43678543,0.43237033,0.42821025,0.42506895,0.42285275,0.42137401,0.42046436,0.4199851,0.41982444,0.41989447,0.42012703,0.42047305,0.42089437,0.42136424,0.42186658,0.42238909,0.42292386
37,0.47328956,0.46363726,0.45547964,0.44920641,0.44638327,0.44165841,0.43742016,0.43428612,0.43212476,0.43073138,0.42992499,0.42955645,0.42950598,0.42968434,0.43001976,0.43046233,0.43097627,0.43153431,0.43212025,0.43272359,0.43333702
38,0.48221976,0.47228575,0.46461634,0.45867697,0.45549111,0.45050675,0.44620869,0.44309253,0.44099254,0.43968929,0.43898699,0.43872681,0.43878396,0.43906427,0.43949691,0.44003147,0.44063123,0.44127185,0.44193766,0.44261796,0.44330684
39,0.49011655,0.48072023,0.47317957,0.46761138,0.4640651,0.45886975,0.45452904,0.45143823,0.44940585,0.44819333,0.44759352,0.4474374,0.44759632,0.44797241,0.44849548,0.44911536,0.44979716,0.45051582,0.45125651,0.45200962,0.45276968
40,0.49688316,0.48888939,0.48114859,0.4759499,0.47206205,0.46670026,0.46233124,0.45927206,0.45730928,0.45618813,0.45568708,0.45562906,0.45588222,0.45634803,0.45695612,0.45765518,0.45841255,0.45920382,0.46001506,0.46083737,0.46166471
41,0.50244295,0.49658941,0.48849587,0.48363464,0.47944131,0.47395235,0.46956653,0.46654347,0.46465176,0.46361803,0.46320878,0.46324299,0.46358372,0.46413225,0.46481755,0.46559068,0.46641884,0.46727866,0.46815536,0.46904243,0.46993274
42,0.50674859,0.50362929,0.49518329,0.49061476,0.48616088,0.48057861,0.4761855,0.47320301,0.47138008,0.47042802,0.47010545,0.47022356,0.47064438,0.47126865,0.47202458,0.47286667,0.47375929,0.47468245,0.47562152,0.47656921,0.47752066
43,0.50978308,0.50986149,0.50116141,0.49684026,0.49217783,0.4865341,0.48214395,0.47920081,0.47744297,0.47656717,0.47632243,0.47651731,0.47701147,0.47770413,0.47852691,0.47943066,0.4803842,0.48136619,0.48236359,0.4833678,0.48437367
44,0.51156029,0.51517971,0.50638047,0.50226533,0.49745344,0.49177543,0.48739463,0.48449255,0.48279413,0.48198743,0.48181259,0.4820762,0.48263477,0.48339001,0.48427234,0.48523433,0.48624427,0.48728101,0.48833255,0.48938976,0.4904485
45,0.51212937,0.51950292,0.5107881,0.50684847,0.50194679,0.49626167,0.49189761,0.48903422,0.48738795,0.48664157,0.48652934,0.48685399,0.48747229,0.48828327,0.48922039,0.49023529,0.4912967,0.49238419,0.49348621,0.49459311,0.49570057
46,0.51156589,0.52276611,0.5143352,0.51054811,0.50561915,0.49995423,0.49561351,0.49278589,0.49118621,0.49049115,0.49043237,0.49080934,0.49147988,0.49234332,0.49332994,0.49439373,0.49550403,0.49663848,0.49778735,0.49893947,0.50009215
47,0.50996992,0.52491764,0.51697733,0.51333092,0.50843734,0.5028186,0.49850847,0.49571346,0.49415214,0.49350104,0.4934871,0.49391116,0.49462807,0.49553688,0.49656822,0.49767679,0.49883049,0.50000966,0.50120129,0.50239678,0.50359175
48,0.50745135,0.52591461,0.51867566,0.51516007,0.51036756,0.50482373,0.50055228,0.49778491,0.49625603,0.49563894,0.49566414,0.49612689,0.49688443,0.49783386,0.49890619,0.50005511,0.50124949,0.5024697,0.50370128,0.50493551,0.50616923
49,0.50411797,0.52572723,0.51939913,0.51600823,0.51138175,0.5059446,0.50171931,0.4989789,0.49747389,0.49688375,0.49693808,0.49743432,0.49822646,0.49921205,0.50032136,0.50150735,0.50273941,0.5039959,0.50526401,0.50653462,0.50780341
50,0.50006449,0.52434056,0.5191241,0.51584878,0.51145603,0.50615698,0.50199071,0.49927531,0.49778762,0.49721612,0.49729268,0.49781549,0.49863608,0.49965319,0.50079511,0.5020154,0.50328049,0.50457078,0.50587325,0.50717617,0.50847702
51,0.49536607,0.52176838,0.51783503,0.51465888,0.51056641,0.50544705,0.50135145,0.4986617,0.49718484,0.4966246,0.49671641,0.49725803,0.49810204,0.49914557,0.50031718,0.50156615,0.50286116,0.50418216,0.50551419,0.50684725,0.50817715
52,0.49007917,0.51806608,0.51552401,0.51242076,0.50869741,0.50379618,0.49979177,0.49712944,0.49566001,0.49510303,0.49520278,0.49575656,0.49661937,0.49768242,0.49887848,0.5001531,0.50147565,0.50282181,0.50418076,0.50553999,0.50689426
53,0.48424496,0.51335176,0.51219373,0.50912267,0.50583531,0.50119996,0.49730687,0.49467741,0.49321116,0.49265146,0.49275082,0.49331121,0.49418371,0.49526317,0.49647696,0.4977733,0.49911617,0.5004871,0.50186784,0.50324951,0.50462683
54,0.47790019,0.50780116,0.50784973,0.50475681,0.50196771,0.4976493,0.49389593,0.49130829,0.48984307,0.4892741,0.48936552,0.48992371,0.49079983,0.49188936,0.49311437,0.49442664,0.4957876,0.49717594,0.4985748,0.49997513,0.50136966
55,0.47108154,0.50157786,0.50250242,0.49932338,0.49708721,0.4931426,0.48956132,0.48702714,0.4855648,0.48498067,0.48505583,0.48560254,0.48647406,0.48756436,0.48879553,0.49011661,0.49148915,0.49289044,0.49430274,0.49571672,0.4971248
56,0.46383329,0.49452975,0.4961605,0.49283163,0.49118831,0.48767623,0.48430645,0.48184396,0.48038648,0.47978178,0.47983267,0.48035791,0.48121512,0.48229697,0.48352596,0.48484786,0.48622559,0.48763319,0.48905399,0.49047656,0.49189405
57,0.4562192,0.48550485,0.48881959,0.48530163,0.48426558,0.48124893,0.47813633,0.47576679,0.47431872,0.47369105,0.47370755,0.47420029,0.47503088,0.47609339,0.47731026,0.47862498,0.47999962,0.48140658,0.48283024,0.48425507,0.48567651
58,0.44831656,0.47199506,0.48046038,0.47676587,0.47631793,0.47385578,0.47105152,0.46880246,0.46737369,0.46671847,0.46669151,0.46713953,0.46793094,0.46896049,0.47015185,0.4714497,0.47281113,0.4742109,0.47562824,0.47705089,0.47847073
59,0.44021791,0.45336191,0.47104769,0.46727417,0.46734369,0.46549163,0.46304835,0.46095465,0.45955777,0.45887285,0.45879233,0.45918124,0.459917,0.46089999,0.46205379,0.46332039,0.46465875,0.46604092,0.46744484,0.4688582,0.47026996
60,0.43201194,0.43533497,0.46057176,0.45689505,0.45734636,0.4561448,0.4541192,0.45221843,0.45086876,0.45015475,0.45001056,0.4503252,0.45098877,0.45190764,0.45300593,0.45422975,0.45553279,0.45688731,0.45827038,0.45966686,0.4610656
