Re,alpha_deg,CL,CD,CM
99939.836,29.963863,1.0726267,0.3447784,-0.1776566
99459.37,29.963863,1.0701146,0.34472966,-0.17728361
98503.06,29.963863,1.0651345,0.34463203,-0.17654474
97080.125,29.963863,1.057777,0.3444849,-0.17545378
95204.266,29.963863,1.0481741,0.3442892,-0.17403138
92893.55,29.963863,1.0364742,0.3440437,-0.17230001
90170.22,29.963863,1.0228298,0.3437484,-0.17028306
87060.51,29.963863,1.0074053,0.34340155,-0.16800399
83594.37,29.963863,0.9904913,0.34300077,-0.16550145
79805.18,29.963863,0.9728172,0.34254965,-0.16287293
75729.43,29.963863,0.9562164,0.3420711,-0.1603696
71406.375,29.963863,0.94493437,0.34164968,-0.1585896
66877.65,29.963863,0.9485971,0.34151107,-0.15891297
62186.86,29.963863,0.9861929,0.3421165,-0.16408056
57379.188,29.963863,1.0784976,0.34400517,-0.17708752
52500.93,29.963863,1.2115308,0.34702426,-0.19592099
47599.07,29.963863,1.3041652,0.34956944,-0.20902129
42720.812,29.963863,1.3170439,0.3508846,-0.21078677
37913.14,29.963863,1.3144671,0.3523671,-0.21029687
33222.35,29.963863,1.3169781,0.3543702,-0.21045125
28693.623,29.963863,1.3222651,0.3564282,-0.21093082
24370.568,29.963863,1.3278681,0.35844862,-0.21159677
20294.82,29.963863,1.3323758,0.36078674,-0.212675
16505.63,29.963863,1.3358121,0.36299396,-0.21397142
13039.491,29.963863,1.3387957,0.36620364,-0.21569891
9929.784,29.963863,1.3392546,0.3700909,-0.21926317
7206.456,29.963863,1.3384924,0.3734908,-0.22586055
4895.735,29.963863,1.3038456,0.37178487,-0.23157975
3019.874,29.963863,1.2713538,0.37928545,-0.22022824
1596.9388,29.963863,1.2620636,0.37579837,-0.21025364
640.6333,29.963863,1.2865323,0.39863077,-0.19973476
160.16696,29.963863,0.9617671,0.5293752,-0.123219535
99939.836,29.675295,1.0612375,0.3420176,-0.17467669
99459.37,29.675295,1.0587761,0.34197077,-0.17431235
98503.06,29.675295,1.0539006,0.3418785,-0.17359123
97080.125,29.675295,1.0467061,0.3417393,-0.17252776
95204.266,29.675295,1.0373185,0.34155366,-0.17114165
92893.55,29.675295,1.0258784,0.34132093,-0.16945438
90170.22,29.675295,1.0125237,0.34103966,-0.16748698
87060.51,29.675295,0.9973743,0.34070757,-0.1652564
83594.37,29.675295,0.9806668,0.34032065,-0.16279297
79805.18,29.675295,0.96304005,0.33987987,-0.160181
75729.43,29.675295,0.94614,0.33940533,-0.15764377
71406.375,29.675295,0.93387556,0.33897486,-0.15573052
66877.65,29.675295,0.9354939,0.33880836,-0.15576632
62186.86,29.675295,0.97056156,0.33937645,-0.16057435
57379.188,29.675295,1.0628788,0.34127423,-0.17358658
52500.93,29.675295,1.2008915,0.34439513,-0.19313577
47599.07,29.675295,1.2985821,0.3470428,-0.20696063
42720.812,29.675295,1.3117121,0.34837136,-0.20876884
37913.14,29.675295,1.3090923,0.34987053,-0.20828466
33222.35,29.675295,1.3116398,0.35189074,-0.20847039
28693.623,29.675295,1.3168805,0.35391873,-0.20898011
24370.568,29.675295,1.3222429,0.35600525,-0.2096932
20294.82,29.675295,1.3265579,0.35832387,-0.21082552
16505.63,29.675295,1.3298769,0.3605638,-0.21214218
13039.491,29.675295,1.3324206,0.3638875,-0.21391025
9929.784,29.675295,1.3325496,0.36770898,-0.21758156
7206.456,29.675295,1.3314433,0.37116772,-0.22419882
4895.735,29.675295,1.2956941,0.36908644,-0.22967844
3019.874,29.675295,1.263509,0.37627676,-0.2180258
1596.9388,29.675295,1.2542676,0.37297827,-0.20806675
640.6333,29.675295,1.2798389,0.3960631,-0.19769378
160.16696,29.675295,0.96097475,0.52703005,-0.12209914
99939.836,29.100937,1.0397643,0.33640826,-0.16886112
99459.37,29.100937,1.0374038,0.33636686,-0.16851416
98503.06,29.100937,1.0327332,0.33628428,-0.16782847
97080.125,29.100937,1.0258496,0.33616,-0.1668187
95204.266,29.100937,1.016875,0.33599448,-0.1655037
92893.55,29.100937,1.005932,0.33578625,-0.16390255
90170.22,29.100937,0.99311864,0.33553353,-0.16203001
87060.51,29.100937,0.9784965,0.3352319,-0.15989432
83594.37,29.100937,0.9622125,0.33487403,-0.1575124
79805.18,29.100937,0.9447371,0.33445728,-0.15494286
75729.43,29.100937,0.9273817,0.33399415,-0.15235965
71406.375,29.100937,0.9133363,0.3335514,-0.15020652
66877.65,29.100937,0.9108677,0.33333188,-0.14966603
62186.86,29.100937,0.9401449,0.3338144,-0.15364666
57379.188,29.100937,1.0311717,0.3357033,-0.16647726
52500.93,29.100937,1.1786406,0.33900824,-0.18738486
47599.07,29.100937,1.2869544,0.34186512,-0.20273265
42720.812,29.100937,1.3007991,0.34323162,-0.20465675
37913.14,29.100937,1.2980683,0.3447714,-0.20418315
33222.35,29.100937,1.3006517,0.34680426,-0.20442815
28693.623,29.100937,1.3057554,0.3487867,-0.2050004
24370.568,29.100937,1.3106157,0.35101944,-0.20581922
20294.82,29.100937,1.3145247,0.35327357,-0.20705032
16505.63,29.100937,1.3176445,0.355602,-0.20840809
13039.491,29.100937,1.319257,0.3591405,-0.21026364
9929.784,29.100937,1.3186932,0.36283702,-0.21416406
7206.456,29.100937,1.3166674,0.36644933,-0.22082467
4895.735,29.100937,1.2793894,0.3639557,-0.22576435
3019.874,29.100937,1.2474245,0.37014145,-0.21352503
1596.9388,29.100937,1.2383411,0.36723918,-0.2036047
640.6333,29.100937,1.2658087,0.39082503,-0.19346465
160.16696,29.100937,0.95895004,0.5221702,-0.11971744
99939.836,28.246323,1.0114131,0.3278228,-0.16059232
99459.37,28.246323,1.0091898,0.32778716,-0.16027029
98503.06,28.246323,1.004793,0.32771528,-0.15963386
97080.125,28.246323,0.99830925,0.32760918,-0.15869662
95204.266,28.246323,0.98984116,0.32746863,-0.1574746
92893.55,28.246323,0.9794834,0.327293,-0.15598257
90170.22,28.246323,0.9672803,0.3270799,-0.15422745
87060.51,28.246323,0.95324594,0.3268217,-0.15220943
83594.37,28.246323,0.93744934,0.32650894,-0.14993289
79805.18,28.246323,0.92023003,0.3261326,-0.14743504
75729.43,28.246323,0.9024861,0.32569784,-0.14482741
71406.375,28.246323,0.8863855,0.32525462,-0.14240335
66877.65,28.246323,0.87829477,0.32497275,-0.14106832
62186.86,28.246323,0.8976882,0.3253119,-0.14362915
57379.188,28.246323,0.9833598,0.3271167,-0.1556873
52500.93,28.246323,1.1431966,0.33063492,-0.1783707
47599.07,28.246323,1.2683375,0.33381385,-0.1961306
42720.812,28.246323,1.2838235,0.3352682,-0.19831479
37913.14,28.246323,1.2808088,0.33688372,-0.1978515
33222.35,28.246323,1.2833894,0.338867,-0.19817741
28693.623,28.246323,1.2881248,0.34087545,-0.19885322
24370.568,28.246323,1.2922906,0.3432795,-0.19986081
20294.82,28.246323,1.2954841,0.34543803,-0.20120485
16505.63,28.246323,1.2982312,0.3479422,-0.20262451
13039.491,28.246323,1.298502,0.35171,-0.20464902
9929.784,28.246323,1.296922,0.35526228,-0.20888777
7206.456,28.246323,1.2927185,0.35912722,-0.21561995
4895.735,28.246323,1.2546525,0.35686547,-0.21961348
3019.874,28.246323,1.2223681,0.36066556,-0.20655032
1596.9388,28.246323,1.2136892,0.3583928,-0.19670549
640.6333,28.246323,1.243207,0.38270968,-0.18676502
160.16696,28.246323,0.95471966,0.5142652,-0.11580666
99939.836,27.119678,0.9805723,0.31619263,-0.15040359
99459.37,27.119678,0.97852015,0.31615713,-0.1501137
98503.06,27.119678,0.97444916,0.31608734,-0.14953944
97080.125,27.119678,0.9684145,0.31598622,-0.1486899
95204.266,27.119678,0.96046346,0.31585544,-0.14757332
92893.55,27.119678,0.95061004,0.31569803,-0.14619295
90170.22,27.119678,0.93881565,0.31551254,-0.14454341
87060.51,27.119678,0.92503774,0.31529418,-0.1426153
83594.37,27.119678,0.90935737,0.3150326,-0.14041188
79805.18,27.119678,0.8921423,0.31471515,-0.1379694
75729.43,27.119678,0.87411094,0.31433764,-0.13536766
71406.375,27.119678,0.85644555,0.31393102,-0.13275342
66877.65,27.119678,0.842797,0.3136167,-0.13063708
62186.86,27.119678,0.84895134,0.31377143,-0.13128968
57379.188,27.119678,0.92156583,0.31533867,-0.14145318
52500.93,27.119678,1.0928782,0.3190109,-0.16577838
47599.07,27.119678,1.2411578,0.32262468,-0.18686087
42720.812,27.119678,1.2600181,0.32426095,-0.1895818
37913.14,27.119678,1.2563772,0.32593912,-0.18911545
33222.35,27.119678,1.2588464,0.32782513,-0.18954015
28693.623,27.119678,1.262748,0.3300891,-0.19038896
24370.568,27.119678,1.2662578,0.33247533,-0.1916832
20294.82,27.119678,1.268605,0.33466843,-0.19314525
16505.63,27.119678,1.2701765,0.33749792,-0.19467004
13039.491,27.119678,1.2690488,0.34124315,-0.19696625
9929.784,27.119678,1.2662666,0.34462428,-0.20151429
7206.456,27.119678,1.2581335,0.3487848,-0.20818114
4895.735,27.119678,1.2207493,0.3478741,-0.2104913
3019.874,27.119678,1.1873488,0.34757856,-0.19687513
1596.9388,27.119678,1.1795783,0.34617278,-0.18715726
640.6333,27.119678,1.2102267,0.37142158,-0.17719017
160.16696,27.119678,0.9470335,0.50213987,-0.110055745
99939.836,25.73186,0.9492484,0.30159682,-0.13849926
99459.37,25.73186,0.9474462,0.30155268,-0.13825567
98503.06,25.73186,0.94385636,0.30146584,-0.13777137
97080.125,25.73186,0.93848914,0.3013388,-0.13704905
95204.266,25.73186,0.93130577,0.30117482,-0.13608515
92893.55,25.73186,0.9221814,0.30097905,-0.13486293
90170.22,25.73186,0.91089207,0.3007577,-0.13335034
87060.51,25.73186,0.8971929,0.300517,-0.1315083
83594.37,25.73186,0.8810671,0.30026203,-0.12932341
79805.18,25.73186,0.8630343,0.29999113,-0.12684837
75729.43,25.73186,0.844151,0.29969633,-0.12420267
71406.375,25.73186,0.82545376,0.2993815,-0.12150302
66877.65,25.73186,0.8082875,0.29910398,-0.11892104
62186.86,25.73186,0.80179745,0.2991014,-0.117761634
57379.188,25.73186,0.85186297,0.30026332,-0.1246485
52500.93,25.73186,1.0260383,0.3039062,-0.14936888
47599.07,25.73186,1.2028444,0.3080662,-0.1745753
42720.812,25.73186,1.2281582,0.30997202,-0.17832962
37913.14,25.73186,1.2234981,0.31163633,-0.17783196
33222.35,25.73186,1.225385,0.31375638,-0.1784013
28693.623,25.73186,1.2284288,0.31622466,-0.17955855
24370.568,25.73186,1.2309401,0.3184258,-0.18113296
20294.82,25.73186,1.23269,0.32085806,-0.18272297
16505.63,25.73186,1.2319305,0.32411465,-0.18440542
13039.491,25.73186,1.2294321,0.32748753,-0.18711914
9929.784,25.73186,1.2254579,0.33061317,-0.19186816
7206.456,25.73186,1.2117563,0.33463526,-0.1979168
4895.735,25.73186,1.1686351,0.33638996,-0.19562182
3019.874,25.73186,1.141255,0.33062515,-0.1842736
1596.9388,25.73186,1.1352789,0.3302771,-0.17472804
640.6333,25.73186,1.164377,0.35668674,-0.16421083
160.16696,25.73186,0.9360829,0.48462772,-0.102350876
99939.836,24.096226,0.91650134,0.28395182,-0.12469648
99459.37,24.096226,0.9150104,0.28390327,-0.124510266
98503.06,24.096226,0.9120385,0.28380564,-0.12414024
97080.125,24.096226,0.9075804,0.28365707,-0.12358685
95204.266,24.096226,0.90156066,0.2834556,-0.12284114
92893.55,24.096226,0.89377075,0.2831993,-0.121874765
90170.22,24.096226,0.8838171,0.2828883,-0.1206321
87060.51,24.096226,0.8711468,0.28253073,-0.119031
83594.37,24.096226,0.8552733,0.28215027,-0.11699252
79805.18,24.096226,0.8363205,0.28178596,-0.114513084
75729.43,24.096226,0.815516,0.2814777,-0.11173202
71406.375,24.096226,0.79481447,0.28124478,-0.10888348
66877.65,24.096226,0.77569205,0.2810946,-0.10613763
62186.86,24.096226,0.761866,0.28110883,-0.10399475
57379.188,24.096226,0.785197,0.28189394,-0.10704062
52500.93,24.096226,0.9430023,0.2852525,-0.12942259
47599.07,24.096226,1.1512996,0.28996137,-0.15922752
42720.812,24.096226,1.1865299,0.2921921,-0.16453342
37913.14,24.096226,1.1803188,0.2943514,-0.16403696
33222.35,24.096226,1.1818128,0.29686853,-0.16493878
28693.623,24.096226,1.1842064,0.2990903,-0.16648757
24370.568,24.096226,1.1856997,0.30144095,-0.16824527
20294.82,24.096226,1.185094,0.30416432,-0.1699222
16505.63,24.096226,1.1823354,0.30731016,-0.1718986
13039.491,24.096226,1.177522,0.3103844,-0.17523693
9929.784,24.096226,1.1726002,0.31335217,-0.18017253
7206.456,24.096226,1.149852,0.31478694,-0.18476431
4895.735,24.096226,1.0877087,0.3131827,-0.1740408
3019.874,24.096226,1.083208,0.30964407,-0.16862476
1596.9388,24.096226,1.080191,0.31063098,-0.15922818
640.6333,24.096226,1.1031942,0.33833498,-0.14730088
160.16696,24.096226,0.9247489,0.46232817,-0.092955455
99939.836,22.228535,0.88706917,0.26260874,-0.10960035
99459.37,22.228535,0.88600326,0.26259091,-0.10949059
98503.06,22.228535,0.88386905,0.2625511,-0.109271646
97080.125,22.228535,0.88063467,0.26248056,-0.108941
95204.266,22.228535,0.8761943,0.2623658,-0.1084862
92893.55,22.228535,0.8702874,0.26218852,-0.107873365
90170.22,22.228535,0.8624633,0.26192817,-0.10704069
87060.51,22.228535,0.8520229,0.2615671,-0.10588964
83594.37,22.228535,0.83811754,0.26110628,-0.10429382
79805.18,22.228535,0.8201162,0.26058537,-0.10214554
75729.43,22.228535,0.7984253,0.26009637,-0.09946747
71406.375,22.228535,0.77514523,0.25976637,-0.0965126
66877.65,22.228535,0.7533206,0.25970265,-0.09366693
62186.86,22.228535,0.7361721,0.25994572,-0.09132977
57379.188,22.228535,0.7408676,0.26073414,-0.091896966
52500.93,22.228535,0.8706095,0.26381445,-0.110314965
47599.07,22.228535,1.0999718,0.26915225,-0.14324148
42720.812,22.228535,1.1328709,0.27203292,-0.14845698
37913.14,22.228535,1.1271186,0.27451512,-0.14839438
33222.35,22.228535,1.1285647,0.27696383,-0.14979196
28693.623,22.228535,1.1298156,0.27925393,-0.15156126
24370.568,22.228535,1.1287355,0.28161207,-0.15332277
20294.82,22.228535,1.1255505,0.28445038,-0.15526149
16505.63,22.228535,1.1206281,0.28712174,-0.15792283
13039.491,22.228535,1.1141443,0.28968126,-0.16160022
9929.784,22.228535,1.1043489,0.29233947,-0.16646227
7206.456,22.228535,1.0705085,0.28989875,-0.16912596
4895.735,22.228535,1.0171877,0.28728184,-0.15579657
3019.874,22.228535,1.013447,0.2847586,-0.15015797
1596.9388,22.228535,1.014302,0.28776592,-0.14080998
640.6333,22.228535,1.0247731,0.3160519,-0.12640396
160.16696,22.228535,0.91130465,0.43740022,-0.082003
99939.836,20.146769,0.82677996,0.2368384,-0.08994599
99459.37,20.146769,0.82657766,0.23688725,-0.089960024
98503.06,20.146769,0.82623065,0.23698373,-0.08999881
97080.125,20.146769,0.8258182,0.23712514,-0.09007813
95204.266,20.146769,0.8253768,0.23730403,-0.09020996
92893.55,20.146769,0.8248156,0.23750706,-0.09039029
90170.22,20.146769,0.82386315,0.2377114,-0.09059085
87060.51,20.146769,0.8220072,0.23788512,-0.09075112
83594.37,20.146769,0.818485,0.23799017,-0.09077461
79805.18,20.146769,0.8123662,0.23799443,-0.090532504
75729.43,20.146769,0.8029394,0.23789884,-0.0899
71406.375,20.146769,0.7901951,0.23776853,-0.088806175
66877.65,20.146769,0.77440286,0.23775198,-0.08719129
62186.86,20.146769,0.75584245,0.23806871,-0.08501316
57379.188,20.146769,0.74596083,0.23903383,-0.08383386
52500.93,20.146769,0.8388291,0.24195011,-0.097221196
47599.07,20.146769,1.0443795,0.24687472,-0.12705949
42720.812,20.146769,1.0704019,0.24953088,-0.13175319
37913.14,20.146769,1.0644315,0.25196755,-0.13218565
33222.35,20.146769,1.064923,0.25425425,-0.13385744
28693.623,20.146769,1.0633969,0.25650033,-0.13574387
24370.568,20.146769,1.059869,0.25902084,-0.1378564
20294.82,20.146769,1.054356,0.2614148,-0.14046335
16505.63,20.146769,1.0467166,0.26366976,-0.14359997
13039.491,20.146769,1.0382355,0.26562315,-0.14760175
9929.784,20.146769,1.0209429,0.26634246,-0.15119942
7206.456,20.146769,0.97451645,0.2650308,-0.14905067
4895.735,20.146769,0.93399644,0.25790566,-0.1351613
3019.874,20.146769,0.9340002,0.25700444,-0.12960562
1596.9388,20.146769,0.9398134,0.262437,-0.1201766
640.6333,20.146769,0.9180382,0.291538,-0.10132544
160.16696,20.146769,0.8680484,0.41194227,-0.06719999
99939.836,17.87098,0.87307006,0.21015021,-0.08461658
99459.37,17.87098,0.86818844,0.21054043,-0.08421802
98503.06,17.87098,0.8590304,0.21125393,-0.08347322
97080.125,17.87098,0.8468541,0.21216516,-0.0824975
95204.266,17.87098,0.8335004,0.21311249,-0.0814676
92893.55,17.87098,0.8211138,0.21393622,-0.08059475
90170.22,17.87098,0.8116288,0.21451823,-0.08006533
87060.51,17.87098,0.80617124,0.21481201,-0.07997351
83594.37,17.87098,0.80461574,0.21485089,-0.08028136
79805.18,17.87098,0.805529,0.21473387,-0.08082889
75729.43,17.87098,0.80675817,0.21458894,-0.08140724
71406.375,17.87098,0.80666006,0.21453144,-0.081889875
66877.65,17.87098,0.80463326,0.2146463,-0.08226029
62186.86,17.87098,0.79704297,0.2149575,-0.081984565
57379.188,17.87098,0.77846855,0.2155329,-0.08022461
52500.93,17.87098,0.79077375,0.21704267,-0.08294377
47599.07,17.87098,0.93592083,0.2207434,-0.10485925
42720.812,17.87098,1.000344,0.22367525,-0.11557994
37913.14,17.87098,0.9929211,0.22590518,-0.11646686
33222.35,17.87098,0.9904988,0.22838396,-0.11859198
28693.623,17.87098,0.98666453,0.23065643,-0.12104304
24370.568,17.87098,0.9806114,0.23273368,-0.123564385
20294.82,17.87098,0.9721036,0.23454796,-0.1263399
16505.63,17.87098,0.9621004,0.23589025,-0.12973303
13039.491,17.87098,0.9475397,0.23668204,-0.13282767
9929.784,17.87098,0.9150786,0.23600079,-0.13419795
7206.456,17.87098,0.8445231,0.2275002,-0.117677525
4895.735,17.87098,0.84523314,0.22621816,-0.11372123
3019.874,17.87098,0.84824896,0.22711867,-0.1078444
1596.9388,17.87098,0.8611213,0.23479263,-0.0986628
640.6333,17.87098,0.7991841,0.26631707,-0.07553302
160.16696,17.87098,0.793993,0.39071313,-0.051859774
99939.836,15.423082,1.4452465,0.079570584,-0.023300538
99459.37,15.423082,1.443883,0.079807945,-0.023263486
98503.06,15.423082,1.4410411,0.08029073,-0.02319083
97080.125,15.423082,1.43649,0.081035,-0.023085333
95204.266,15.423082,1.4299138,0.0820632,-0.022951787
92893.55,15.423082,1.4209678,0.08339996,-0.022795578
90170.22,15.423082,1.4094552,0.085056596,-0.022623057
87060.51,15.423082,1.3957002,0.08699296,-0.022446517
83594.37,15.423082,1.3809228,0.08908148,-0.022322897
79805.18,15.423082,1.3655176,0.09136657,-0.02250426
75729.43,15.423082,1.3443718,0.09453182,-0.023860412
71406.375,15.423082,1.3069929,0.09944417,-0.027847117
66877.65,15.423082,1.2162433,0.11554088,-0.039468814
62186.86,15.423082,1.0294492,0.16311012,-0.06773066
57379.188,15.423082,0.9195937,0.17729147,-0.08347633
52500.93,15.423082,0.8593195,0.18880387,-0.08668412
47599.07,15.423082,0.8968031,0.1931276,-0.094562024
42720.812,15.423082,0.9212582,0.19482799,-0.10048585
37913.14,15.423082,0.91650546,0.19637056,-0.10246035
33222.35,15.423082,0.9139131,0.19823126,-0.10511943
28693.623,15.423082,0.9065175,0.20036511,-0.107862994
24370.568,15.423082,0.8951311,0.20207375,-0.11070756
20294.82,15.423082,0.88219327,0.20329988,-0.113436304
16505.63,15.423082,0.86402345,0.20399895,-0.11601175
13039.491,15.423082,0.83281696,0.20343745,-0.117063865
9929.784,15.423082,0.75940275,0.19505322,-0.101820074
7206.456,15.423082,0.7516576,0.19244581,-0.09625478
4895.735,15.423082,0.7539935,0.19266954,-0.09177685
3019.874,15.423082,0.75918925,0.19610433,-0.08569341
1596.9388,15.423082,0.77349174,0.20638311,-0.07702501
640.6333,15.423082,0.72186196,0.23975064,-0.058021616
160.16696,15.423082,0.7638858,0.37333065,-0.047759034
99939.836,12.826653,1.4049168,0.049225677,-0.03588138
99459.37,12.826653,1.4054754,0.04928437,-0.03589965
98503.06,12.826653,1.4065963,0.049404617,-0.035937943
97080.125,12.826653,1.4082823,0.049592093,-0.035998743
95204.266,12.826653,1.4105332,0.04985544,-0.036085278
92893.55,12.826653,1.4133301,0.050206393,-0.036198072
90170.22,12.826653,1.416614,0.050660014,-0.03633284
87060.51,12.826653,1.4202507,0.05123647,-0.03647681
83594.37,12.826653,1.4239732,0.05196338,-0.036611773
79805.18,12.826653,1.4273528,0.052880045,-0.036721952
75729.43,12.826653,1.4298571,0.05403977,-0.036789156
71406.375,12.826653,1.4310856,0.055496696,-0.036778975
66877.65,12.826653,1.4311063,0.057236224,-0.036692396
62186.86,12.826653,1.4301615,0.05905449,-0.036503278
57379.188,12.826653,1.4303168,0.060198754,-0.03580912
52500.93,12.826653,1.427418,0.062730275,-0.035713967
47599.07,12.826653,1.4312212,0.064578444,-0.033455223
42720.812,12.826653,1.2101395,0.09006257,-0.043987814
37913.14,12.826653,0.9209714,0.14345603,-0.07859182
33222.35,12.826653,0.8408808,0.16116525,-0.09438731
28693.623,12.826653,0.8164648,0.16442497,-0.09751405
24370.568,12.826653,0.79202765,0.16661438,-0.10008323
20294.82,12.826653,0.7646309,0.1671632,-0.10095702
16505.63,12.826653,0.7322908,0.16527435,-0.099215865
13039.491,12.826653,0.65710294,0.15580739,-0.0816018
9929.784,12.826653,0.65647656,0.1555108,-0.07836805
7206.456,12.826653,0.6566478,0.15676203,-0.07478259
4895.735,12.826653,0.65890586,0.15922482,-0.07032154
3019.874,12.826653,0.6648323,0.16487885,-0.064651765
1596.9388,12.826653,0.67577374,0.17796367,-0.057811357
640.6333,12.826653,0.6435448,0.21447805,-0.04491203
160.16696,12.826653,0.7029923,0.35265976,-0.044642452
99939.836,10.106695,1.3190539,0.029043725,-0.057941478
99459.37,10.106695,1.3190465,0.029081378,-0.057936884
98503.06,10.106695,1.3190355,0.029157177,-0.057927955
97080.125,10.106695,1.3190317,0.029272055,-0.05791489
95204.266,10.106695,1.319052,0.029427504,-0.05789786
92893.55,10.106695,1.3191218,0.02962543,-0.057877176
90170.22,10.106695,1.3192868,0.029868616,-0.057852942
87060.51,10.106695,1.3196127,0.03016158,-0.057827026
83594.37,10.106695,1.3201947,0.030513454,-0.05780554
79805.18,10.106695,1.3211418,0.030943476,-0.057802923
75729.43,10.106695,1.3225412,0.031489354,-0.057845026
71406.375,10.106695,1.3243376,0.032218445,-0.05796672
66877.65,10.106695,1.3259609,0.03324092,-0.058210574
62186.86,10.106695,1.3259888,0.034678265,-0.058632977
57379.188,10.106695,1.3261681,0.03634069,-0.059316196
52500.93,10.106695,1.3325711,0.03844889,-0.061600707
47599.07,10.106695,1.3509572,0.040523287,-0.06163577
42720.812,10.106695,1.0223626,0.085739076,-0.07028936
37913.14,10.106695,0.8388586,0.11125701,-0.080309235
33222.35,10.106695,0.72004867,0.12519336,-0.090225086
28693.623,10.106695,0.6873523,0.12531571,-0.089882195
24370.568,10.106695,0.64865756,0.12464847,-0.086862475
20294.82,10.106695,0.58717966,0.12044353,-0.07435177
16505.63,10.106695,0.562052,0.11842518,-0.06721284
13039.491,10.106695,0.5596314,0.118817054,-0.06414345
9929.784,10.106695,0.5584593,0.12029797,-0.06121973
7206.456,10.106695,0.5568807,0.12285602,-0.057893645
4895.735,10.106695,0.5567636,0.12732393,-0.05392102
3019.874,10.106695,0.5589188,0.13512497,-0.049018405
1596.9388,10.106695,0.5637207,0.15124601,-0.043687787
640.6333,10.106695,0.53466344,0.1921732,-0.034743834
160.16696,10.106695,0.59615815,0.33613807,-0.039940655
99939.836,7.2894053,1.2111161,0.022242203,-0.09168418
99459.37,7.2894053,1.2109623,0.022316255,-0.09169226
98503.06,7.2894053,1.2106335,0.022466894,-0.09170672
97080.125,7.2894053,1.2100824,0.02269942,-0.09172369
95204.266,7.2894053,1.2092249,0.023022624,-0.09173624
92893.55,7.2894053,1.2079277,0.023450216,-0.09173386
90170.22,7.2894053,1.2059808,0.024002958,-0.09170001
87060.51,7.2894053,1.2030556,0.0247132,-0.091612175
83594.37,7.2894053,1.1986566,0.025632158,-0.091443576
79805.18,7.2894053,1.1920696,0.026840966,-0.09116775
75729.43,7.2894053,1.1824366,0.028456869,-0.090765774
71406.375,7.2894053,1.1693916,0.030589443,-0.09022219
66877.65,7.2894053,1.1538765,0.03323458,-0.08952625
62186.86,7.2894053,1.1243432,0.03714361,-0.088254824
57379.188,7.2894053,1.0236715,0.046949446,-0.084866814
52500.93,7.2894053,0.9060057,0.060198866,-0.0832272
47599.07,7.2894053,0.82946104,0.070321485,-0.084369496
42720.812,7.2894053,0.73853695,0.07965834,-0.08672477
37913.14,7.2894053,0.5897629,0.08937471,-0.0823159
33222.35,7.2894053,0.52506614,0.08912945,-0.075603366
28693.623,7.2894053,0.460415,0.08411589,-0.062458076
24370.568,7.2894053,0.4551315,0.0846231,-0.060590327
20294.82,7.2894053,0.4503427,0.08536299,-0.058342837
16505.63,7.2894053,0.4471098,0.08635751,-0.05602656
13039.491,7.2894053,0.44339958,0.0878039,-0.053480208
9929.784,7.2894053,0.43945536,0.090128236,-0.050609957
7206.456,7.2894053,0.43637538,0.09390431,-0.047311712
4895.735,7.2894053,0.43442655,0.09984928,-0.04363018
3019.874,7.2894053,0.4327923,0.109510794,-0.03984347
1596.9388,7.2894053,0.42929247,0.1285653,-0.03621148
640.6333,7.2894053,0.409177,0.17261873,-0.030965835
160.16696,7.2894053,0.45159557,0.32615805,-0.03662533
99939.836,4.401914,0.92523265,0.019507047,-0.10121503
99459.37,4.401914,0.924851,0.019588359,-0.10122285
98503.06,4.401914,0.92405725,0.019754427,-0.10123763
97080.125,4.401914,0.92279017,0.020012591,-0.10125704
95204.266,4.401914,0.92094135,0.020374829,-0.101276375
92893.55,4.401914,0.91833925,0.020859282,-0.10128651
90170.22,4.401914,0.9147023,0.02149222,-0.10126901
87060.51,4.401914,0.9095803,0.022311382,-0.10118838
83594.37,4.401914,0.9022578,0.023370458,-0.10098249
79805.18,4.401914,0.89169955,0.024746211,-0.100566804
75729.43,4.401914,0.8765948,0.026552621,-0.09988159
71406.375,4.401914,0.85489154,0.028988285,-0.09891282
66877.65,4.401914,0.8210653,0.032435536,-0.09732878
62186.86,4.401914,0.7715196,0.037126895,-0.09483819
57379.188,4.401914,0.71949524,0.042366374,-0.092682384
52500.93,4.401914,0.67207813,0.047476172,-0.09114868
47599.07,4.401914,0.6249762,0.052196108,-0.0894911
42720.812,4.401914,0.5732959,0.056454703,-0.087276004
37913.14,4.401914,0.5132135,0.060001656,-0.08412688
33222.35,4.401914,0.40574056,0.06048134,-0.07218118
28693.623,4.401914,0.29269725,0.058908552,-0.05310855
24370.568,4.401914,0.2965255,0.05976819,-0.052494932
20294.82,4.401914,0.2949994,0.060888246,-0.050747436
16505.63,4.401914,0.29382437,0.06234314,-0.048908092
13039.491,4.401914,0.29205626,0.064438716,-0.046903368
9929.784,4.401914,0.28937048,0.06746158,-0.044613037
7206.456,4.401914,0.2854991,0.071908265,-0.04198544
4895.735,4.401914,0.28109753,0.078800865,-0.03920021
3019.874,4.401914,0.27632684,0.090182744,-0.036378495
1596.9388,4.401914,0.27052072,0.11141628,-0.03389396
640.6333,4.401914,0.25830114,0.15770525,-0.03173412
160.16696,4.401914,0.2847585,0.31963962,-0.037744485
99939.836,1.4720303,0.6011377,0.01764223,-0.105750576
99459.37,1.4720303,0.6003623,0.017736837,-0.10570468
98503.06,1.4720303,0.5987557,0.017930388,-0.105607234
97080.125,1.4720303,0.5962119,0.018231763,-0.10544797
95204.266,1.4720303,0.59257084,0.018655019,-0.10521282
92893.55,1.4720303,0.5876241,0.019219935,-0.10488647
90170.22,1.4720303,0.5811063,0.019951992,-0.10445323
87060.51,1.4720303,0.57262623,0.0208814,-0.10388563
83594.37,1.4720303,0.56149256,0.022040004,-0.10311206
79805.18,1.4720303,0.5466553,0.023455707,-0.10199901
75729.43,1.4720303,0.5272658,0.025144275,-0.10044193
71406.375,1.4720303,0.5033884,0.027099904,-0.09849095
66877.65,1.4720303,0.47580338,0.029282616,-0.09631379
62186.86,1.4720303,0.44508654,0.03163903,-0.09398518
57379.188,1.4720303,0.41134587,0.034096736,-0.09131988
52500.93,1.4720303,0.37377548,0.0365411,-0.08794385
47599.07,1.4720303,0.3290239,0.03887288,-0.0832606
42720.812,1.4720303,0.2758065,0.040786836,-0.07687734
37913.14,1.4720303,0.21191657,0.041364677,-0.06758672
33222.35,1.4720303,0.11798221,0.040692832,-0.0512035
28693.623,1.4720303,0.11312777,0.041193686,-0.04939026
24370.568,1.4720303,0.11255124,0.04221312,-0.048144806
20294.82,1.4720303,0.11137968,0.043600556,-0.046782076
16505.63,1.4720303,0.1100412,0.045487672,-0.04539235
13039.491,1.4720303,0.107700616,0.048088312,-0.043837626
9929.784,1.4720303,0.10403481,0.051726572,-0.042059083
7206.456,1.4720303,0.09975365,0.05692827,-0.040144403
4895.735,1.4720303,0.09655401,0.06472623,-0.03833092
3019.874,1.4720303,0.093200356,0.077271745,-0.036675144
1596.9388,1.4720303,0.08790743,0.10029839,-0.035075963
640.6333,1.4720303,0.09309241,0.15095092,-0.03533217
160.16696,1.4720303,0.102265015,0.31666973,-0.037622266
99939.836,-1.4720303,0.19589078,0.021431165,-0.09743754
99459.37,-1.4720303,0.1946672,0.021518944,-0.09729687
98503.06,-1.4720303,0.19220686,0.021694923,-0.097014904
97080.125,-1.4720303,0.18848321,0.021959826,-0.09659038
95204.266,-1.4720303,0.18345241,0.022314718,-0.09602056
92893.55,-1.4720303,0.17704102,0.022761196,-0.09529895
90170.22,-1.4720303,0.16912663,0.023301683,-0.09441133
87060.51,-1.4720303,0.1595017,0.02394058,-0.093328975
83594.37,-1.4720303,0.1478298,0.02468541,-0.091999374
79805.18,-1.4720303,0.13359334,0.025547633,-0.09033637
75729.43,-1.4720303,0.11606863,0.026541974,-0.088214144
71406.375,-1.4720303,0.0943799,0.027682137,-0.08547654
66877.65,-1.4720303,0.06780645,0.028969182,-0.08199008
62186.86,-1.4720303,0.036378205,0.03035842,-0.07773395
57379.188,-1.4720303,-0.00065249205,0.031709667,-0.072454736
52500.93,-1.4720303,-0.054302722,0.032901656,-0.06385524
47599.07,-1.4720303,-0.106726915,0.03383624,-0.05471731
42720.812,-1.4720303,-0.115623444,0.034620605,-0.052591067
37913.14,-1.4720303,-0.11659995,0.0355153,-0.05150616
33222.35,-1.4720303,-0.121750504,0.03653342,-0.04943494
28693.623,-1.4720303,-0.13112414,0.03775973,-0.04628988
24370.568,-1.4720303,-0.14594907,0.039357617,-0.041333683
20294.82,-1.4720303,-0.16635396,0.04164884,-0.033131715
16505.63,-1.4720303,-0.21481214,0.04478751,-0.014344787
13039.491,-1.4720303,-0.11757445,0.04497453,-0.021334857
9929.784,-1.4720303,-0.12401363,0.04684203,-0.024469038
7206.456,-1.4720303,-0.12702897,0.05111537,-0.030192116
4895.735,-1.4720303,-0.119212285,0.059253857,-0.034775328
3019.874,-1.4720303,-0.108309925,0.07282355,-0.036763772
1596.9388,-1.4720303,-0.095515266,0.09761999,-0.03794963
640.6333,-1.4720303,-0.07865843,0.15264153,-0.038497552
160.16696,-1.4720303,-0.07194722,0.32381403,-0.03592297
99939.836,-4.401914,-0.25620845,0.029402496,-0.07259186
99459.37,-4.401914,-0.2578156,0.029530738,-0.07233162
98503.06,-4.401914,-0.26109803,0.029792452,-0.07179656
97080.125,-4.401914,-0.2662241,0.03019904,-0.07094975
95204.266,-4.401914,-0.27355045,0.030770032,-0.06971618
92893.55,-4.401914,-0.28376123,0.03153688,-0.067954764
90170.22,-4.401914,-0.29793608,0.032546327,-0.065446325
87060.51,-4.401914,-0.3170095,0.033855412,-0.061991505
83594.37,-4.401914,-0.3397701,0.035492893,-0.057770707
79805.18,-4.401914,-0.36097646,0.03739578,-0.053685643
75729.43,-4.401914,-0.3747714,0.039430626,-0.050762106
71406.375,-4.401914,-0.3806783,0.04153278,-0.04907766
66877.65,-4.401914,-0.38233265,0.043751933,-0.04793691
62186.86,-4.401914,-0.38293794,0.04618083,-0.046693232
57379.188,-4.401914,-0.38384673,0.048871756,-0.04510037
52500.93,-4.401914,-0.38555646,0.051754676,-0.04312993
47599.07,-4.401914,-0.38899446,0.05465622,-0.040177647
42720.812,-4.401914,-0.38942695,0.057596534,-0.035055336
37913.14,-4.401914,-0.39483875,0.061257247,-0.029047003
33222.35,-4.401914,-0.41055685,0.065704614,-0.022482082
28693.623,-4.401914,-0.41992223,0.06956827,-0.01552462
24370.568,-4.401914,-0.42249456,0.07272234,-0.00806315
20294.82,-4.401914,-0.4215994,0.07535014,3.927946e-05
16505.63,-4.401914,-0.40942645,0.077796414,0.00866729
13039.491,-4.401914,-0.36399302,0.079359174,0.0145650925
9929.784,-4.401914,-0.20299199,0.074995495,0.00066940783
7206.456,-4.401914,-0.010416448,0.06742608,-0.043549396
4895.735,-4.401914,-0.03998971,0.07493492,-0.04434356
3019.874,-4.401914,-0.084659636,0.08670156,-0.044423845
1596.9388,-4.401914,-0.14209469,0.108970754,-0.04290476
640.6333,-4.401914,-0.20685264,0.15709172,-0.0405977
160.16696,-4.401914,-0.22541797,0.32794958,-0.03640412
99939.836,-7.2894053,-0.4342882,0.09136291,-0.024351854
99459.37,-7.2894053,-0.43392023,0.09138548,-0.0243151
98503.06,-7.2894053,-0.43316796,0.0914339,-0.024243314
97080.125,-7.2894053,-0.43199795,0.09151505,-0.024139214
95204.266,-7.2894053,-0.43035695,0.09164047,-0.0240058
92893.55,-7.2894053,-0.42817628,0.091826126,-0.023845408
90170.22,-7.2894053,-0.42537576,0.092090584,-0.02365841
87060.51,-7.2894053,-0.42187768,0.09245106,-0.023443023
83594.37,-7.2894053,-0.4176196,0.09291765,-0.023195913
79805.18,-7.2894053,-0.41254866,0.09348952,-0.022913363
75729.43,-7.2894053,-0.4066264,0.094155714,-0.022591233
71406.375,-7.2894053,-0.39987028,0.094901286,-0.022217954
66877.65,-7.2894053,-0.3923681,0.09570752,-0.021769803
62186.86,-7.2894053,-0.38415504,0.09653406,-0.021214908
57379.188,-7.2894053,-0.37514192,0.09733346,-0.020479083
52500.93,-7.2894053,-0.3651535,0.09806517,-0.019434292
47599.07,-7.2894053,-0.35402977,0.09856829,-0.018078309
42720.812,-7.2894053,-0.34023187,0.09864077,-0.016196853
37913.14,-7.2894053,-0.3194369,0.09847983,-0.013604444
33222.35,-7.2894053,-0.28747293,0.097757354,-0.010017032
28693.623,-7.2894053,-0.22141865,0.0950018,-0.007315278
24370.568,-7.2894053,-0.005796969,0.072800614,-0.042660527
20294.82,-7.2894053,-0.013816267,0.07453124,-0.04214875
16505.63,-7.2894053,-0.016556203,0.07691324,-0.042340614
13039.491,-7.2894053,-0.038475335,0.08134507,-0.03899002
9929.784,-7.2894053,-0.037872702,0.08423165,-0.041362807
7206.456,-7.2894053,-0.041399926,0.088348635,-0.04372867
4895.735,-7.2894053,-0.060358256,0.09561068,-0.044148553
3019.874,-7.2894053,-0.090578526,0.10737242,-0.04467372
1596.9388,-7.2894053,-0.13610661,0.12930343,-0.045360897
640.6333,-7.2894053,-0.2412934,0.17260605,-0.04305476
160.16696,-7.2894053,-0.36106718,0.34232947,-0.034868903
99939.836,-10.106695,-0.34198073,0.11541206,-0.038817983
99459.37,-10.106695,-0.341942,0.115472965,-0.03879004
98503.06,-10.106695,-0.34186572,0.11559546,-0.038732987
97080.125,-10.106695,-0.34175396,0.11578048,-0.038644418
95204.266,-10.106695,-0.34160733,0.11602996,-0.03852095
92893.55,-10.106695,-0.3414271,0.116345756,-0.038357686
90170.22,-10.106695,-0.34121,0.11673058,-0.038149524
87060.51,-10.106695,-0.34095272,0.11718622,-0.037890982
83594.37,-10.106695,-0.34064853,0.11771468,-0.037578225
79805.18,-10.106695,-0.34027922,0.11831941,-0.037209094
75729.43,-10.106695,-0.33979398,0.11901134,-0.036782395
71406.375,-10.106695,-0.33912748,0.11980537,-0.036293127
66877.65,-10.106695,-0.33832216,0.12068895,-0.03572548
62186.86,-10.106695,-0.33749115,0.12162268,-0.03505186
57379.188,-10.106695,-0.3365373,0.12258807,-0.03423377
52500.93,-10.106695,-0.33537695,0.12362096,-0.033183523
47599.07,-10.106695,-0.3343578,0.12470911,-0.031745367
42720.812,-10.106695,-0.33305597,0.12584674,-0.02989005
37913.14,-10.106695,-0.3306408,0.1272578,-0.027483076
33222.35,-10.106695,-0.3267688,0.12869217,-0.02445947
28693.623,-10.106695,-0.31830606,0.12988098,-0.020605732
24370.568,-10.106695,-0.30084524,0.13047709,-0.01574995
20294.82,-10.106695,-0.26360422,0.12725237,-0.010062838
16505.63,-10.106695,-0.10231578,0.104534626,-0.03546561
13039.491,-10.106695,-0.1056706,0.10624822,-0.036134847
9929.784,-10.106695,-0.11047006,0.10905714,-0.036741607
7206.456,-10.106695,-0.11919981,0.112760425,-0.037150275
4895.735,-10.106695,-0.13256443,0.11847664,-0.037472107
3019.874,-10.106695,-0.1551184,0.12857544,-0.03800659
1596.9388,-10.106695,-0.1904856,0.14890823,-0.039145075
640.6333,-10.106695,-0.28495717,0.19081448,-0.038818516
160.16696,-10.106695,-0.4481064,0.35455108,-0.033648886
99939.836,-12.826653,-0.37578538,0.14757232,-0.031535476
99459.37,-12.826653,-0.37577388,0.14761744,-0.03152203
98503.06,-12.826653,-0.37575528,0.14770813,-0.031494398
97080.125,-12.826653,-0.37573743,0.14784567,-0.03145144
95204.266,-12.826653,-0.37573493,0.14803205,-0.031390555
92893.55,-12.826653,-0.37576967,0.14826941,-0.031308323
90170.22,-12.826653,-0.3758677,0.14856091,-0.031200176
87060.51,-12.826653,-0.37606254,0.14890978,-0.03106016
83594.37,-12.826653,-0.37638482,0.14931998,-0.030881232
79805.18,-12.826653,-0.3768592,0.14979714,-0.030655647
75729.43,-12.826653,-0.37748474,0.15034974,-0.030373722
71406.375,-12.826653,-0.3782391,0.15098713,-0.030023485
66877.65,-12.826653,-0.37912464,0.1517009,-0.029591214
62186.86,-12.826653,-0.38021037,0.15246536,-0.029067492
57379.188,-12.826653,-0.3814726,0.15330532,-0.028450405
52500.93,-12.826653,-0.38261908,0.15433393,-0.027735192
47599.07,-12.826653,-0.38365474,0.15553135,-0.026886875
42720.812,-12.826653,-0.38462484,0.15674365,-0.025849253
37913.14,-12.826653,-0.38485652,0.1580446,-0.024531841
33222.35,-12.826653,-0.38423467,0.15940791,-0.022675997
28693.623,-12.826653,-0.38266802,0.1610207,-0.020111274
24370.568,-12.826653,-0.37973782,0.16251068,-0.016871482
20294.82,-12.826653,-0.36736596,0.16375633,-0.0128335655
16505.63,-12.826653,-0.34752637,0.16314483,-0.0064414563
13039.491,-12.826653,-0.27960777,0.14929391,-0.0073862374
9929.784,-12.826653,-0.20741573,0.13697925,-0.024879897
7206.456,-12.826653,-0.21438298,0.13957603,-0.025419826
4895.735,-12.826653,-0.2252306,0.14367123,-0.025837272
3019.874,-12.826653,-0.24324471,0.15159649,-0.026489967
1596.9388,-12.826653,-0.27026743,0.16963972,-0.027959537
640.6333,-12.826653,-0.34828338,0.21009085,-0.029293051
160.16696,-12.826653,-0.5048963,0.36751413,-0.029531365
99939.836,-15.423082,-0.444844,0.17745623,-0.017427588
99459.37,-15.423082,-0.4448219,0.17749232,-0.017422598
98503.06,-15.423082,-0.44477564,0.17756534,-0.017412866
97080.125,-15.423082,-0.44470352,0.17767636,-0.01739872
95204.266,-15.423082,-0.44460186,0.17782763,-0.017380858
92893.55,-15.423082,-0.4444668,0.17802113,-0.01736011
90170.22,-15.423082,-0.4443008,0.17825991,-0.017336559
87060.51,-15.423082,-0.44411317,0.17854643,-0.017310178
83594.37,-15.423082,-0.4439296,0.17888232,-0.017278802
79805.18,-15.423082,-0.44380772,0.17926857,-0.017235935
75729.43,-15.423082,-0.4438392,0.17970546,-0.017169874
71406.375,-15.423082,-0.44413686,0.18019459,-0.017063588
66877.65,-15.423082,-0.44477478,0.18074572,-0.016903073
62186.86,-15.423082,-0.44574744,0.18137828,-0.016679257
57379.188,-15.423082,-0.44695723,0.18212733,-0.016383076
52500.93,-15.423082,-0.44823942,0.18303351,-0.015996933
47599.07,-15.423082,-0.44962782,0.18403552,-0.015501618
42720.812,-15.423082,-0.45117936,0.18509716,-0.014901
37913.14,-15.423082,-0.45233825,0.18646157,-0.0142006995
33222.35,-15.423082,-0.4534549,0.18787481,-0.013292974
28693.623,-15.423082,-0.45413122,0.18924196,-0.011940366
24370.568,-15.423082,-0.4552563,0.19072925,-0.009611505
20294.82,-15.423082,-0.4555532,0.19237009,-0.0062138615
16505.63,-15.423082,-0.45056272,0.19365133,-0.0014750123
13039.491,-15.423082,-0.44199944,0.19341841,0.006390768
9929.784,-15.423082,-0.3412987,0.17162818,-0.0027198077
7206.456,-15.423082,-0.3168399,0.16641945,-0.010502493
4895.735,-15.423082,-0.3258062,0.16911201,-0.011125403
3019.874,-15.423082,-0.33999586,0.1751854,-0.0119686425
1596.9388,-15.423082,-0.3564417,0.1903914,-0.014190328
640.6333,-15.423082,-0.4258123,0.2298414,-0.015274244
160.16696,-15.423082,-0.52672,0.3793596,-0.023538476
99939.836,-17.87098,-0.52426624,0.20391503,-0.0011230648
99459.37,-17.87098,-0.52426255,0.20393662,-0.001121366
98503.06,-17.87098,-0.5242528,0.20398039,-0.0011181474
97080.125,-17.87098,-0.5242317,0.20404756,-0.0011141837
95204.266,-17.87098,-0.52419317,0.20413966,-0.0011101842
92893.55,-17.87098,-0.5241251,0.20425919,-0.0011076927
90170.22,-17.87098,-0.5240207,0.20440894,-0.0011076331
87060.51,-17.87098,-0.5238658,0.20459174,-0.0011114597
83594.37,-17.87098,-0.5236615,0.20481062,-0.0011185289
79805.18,-17.87098,-0.52341926,0.20506822,-0.0011265993
75729.43,-17.87098,-0.5231782,0.20536937,-0.0011300683
71406.375,-17.87098,-0.52301097,0.20572251,-0.001118809
66877.65,-17.87098,-0.52302086,0.20614323,-0.0010779679
62186.86,-17.87098,-0.5233245,0.20665067,-0.0009877026
57379.188,-17.87098,-0.5240131,0.20726123,-0.00082773564
52500.93,-17.87098,-0.5250585,0.20799947,-0.00059576036
47599.07,-17.87098,-0.5263181,0.20890822,-0.00030837656
42720.812,-17.87098,-0.5276123,0.21004263,2.7376413e-05
37913.14,-17.87098,-0.5289413,0.21129327,0.00041088462
33222.35,-17.87098,-0.53040135,0.21248859,0.0008202672
28693.623,-17.87098,-0.5313425,0.2140032,0.0013718546
24370.568,-17.87098,-0.5322826,0.21534428,0.0024755835
20294.82,-17.87098,-0.53405076,0.21701457,0.004702908
16505.63,-17.87098,-0.5378195,0.21937211,0.008628964
13039.491,-17.87098,-0.5424919,0.22168319,0.0151568055
9929.784,-17.87098,-0.5320554,0.2194128,0.024346227
7206.456,-17.87098,-0.4165206,0.19243701,0.005850834
4895.735,-17.87098,-0.42414546,0.19372919,0.0052443207
3019.874,-17.87098,-0.4354119,0.19795024,0.004066491
1596.9388,-17.87098,-0.443164,0.21051167,0.0009908378
640.6333,-17.87098,-0.50735515,0.24732664,0.0006380856
160.16696,-17.87098,-0.5553056,0.3947508,-0.013475588
99939.836,-20.146769,-0.60185564,0.22784114,0.016308993
99459.37,-20.146769,-0.6018575,0.2278494,0.016305178
98503.06,-20.146769,-0.60185903,0.22786574,0.01629709
97080.125,-20.146769,-0.601856,0.22789063,0.01628409
95204.266,-20.146769,-0.6018412,0.22792399,0.01626495
92893.55,-20.146769,-0.60180634,0.22796643,0.016238391
90170.22,-20.146769,-0.60174096,0.22801906,0.016202534
87060.51,-20.146769,-0.6016382,0.22808316,0.016155934
83594.37,-20.146769,-0.60149616,0.22816245,0.01609857
79805.18,-20.146769,-0.6013286,0.2282617,0.016033191
75729.43,-20.146769,-0.6011758,0.22838767,0.015968138
71406.375,-20.146769,-0.60109943,0.22854988,0.015916502
66877.65,-20.146769,-0.6011714,0.22876506,0.0158956
62186.86,-20.146769,-0.60146904,0.22906256,0.015923327
57379.188,-20.146769,-0.6020532,0.2294856,0.01601165
52500.93,-20.146769,-0.6029062,0.23007753,0.016157914
47599.07,-20.146769,-0.6039721,0.23085625,0.016352821
42720.812,-20.146769,-0.60518193,0.23182468,0.01657198
37913.14,-20.146769,-0.6064038,0.23301512,0.016761769
33222.35,-20.146769,-0.6074166,0.2344409,0.01690436
28693.623,-20.146769,-0.60836333,0.23577178,0.017055709
24370.568,-20.146769,-0.6086651,0.2373704,0.01741336
20294.82,-20.146769,-0.60925484,0.23895764,0.01856262
16505.63,-20.146769,-0.6129061,0.24149361,0.021119315
13039.491,-20.146769,-0.62224317,0.24497478,0.026103634
9929.784,-20.146769,-0.63124245,0.24835001,0.034817528
7206.456,-20.146769,-0.5750496,0.23615895,0.038479924
4895.735,-20.146769,-0.5133156,0.21737275,0.022214431
3019.874,-20.146769,-0.52311474,0.2199527,0.020792931
1596.9388,-20.146769,-0.530599,0.23014842,0.017581785
640.6333,-20.146769,-0.5864833,0.26409322,0.017012965
160.16696,-20.146769,-0.58864677,0.41100746,-0.0013269574
99939.836,-22.228535,-0.67493385,0.2494583,0.03378688
99459.37,-22.228535,-0.6749543,0.24945748,0.033781312
98503.06,-22.228535,-0.67499006,0.24945563,0.033769526
97080.125,-22.228535,-0.675035,0.24945253,0.033750046
95204.266,-22.228535,-0.6750771,0.24944808,0.03372099
92893.55,-22.228535,-0.6750971,0.24944231,0.03367892
90170.22,-22.228535,-0.675069,0.2494363,0.03362025
87060.51,-22.228535,-0.6749656,0.24943183,0.03354048
83594.37,-22.228535,-0.6747674,0.24942964,0.03343693
79805.18,-22.228535,-0.6744801,0.24943012,0.033310406
75729.43,-22.228535,-0.674156,0.24943434,0.033169843
71406.375,-22.228535,-0.6738838,0.24944873,0.03303098
66877.65,-22.228535,-0.67376626,0.24949132,0.03291463
62186.86,-22.228535,-0.67389005,0.24959138,0.03284075
57379.188,-22.228535,-0.6743189,0.24979493,0.03282841
52500.93,-22.228535,-0.6750528,0.250165,0.032889165
47599.07,-22.228535,-0.6759643,0.2507616,0.033006757
42720.812,-22.228535,-0.6768873,0.25160635,0.03314104
37913.14,-22.228535,-0.6778177,0.25266954,0.033251412
33222.35,-22.228535,-0.678704,0.25398913,0.03327032
28693.623,-22.228535,-0.6793138,0.2556149,0.03323702
24370.568,-22.228535,-0.6798217,0.25712365,0.033300884
20294.82,-22.228535,-0.6801841,0.25905815,0.033801287
16505.63,-22.228535,-0.68226105,0.26138556,0.035343956
13039.491,-22.228535,-0.68961096,0.26519167,0.03873835
9929.784,-22.228535,-0.7040256,0.2696876,0.046033055
7206.456,-22.228535,-0.6873449,0.26714966,0.05584088
4895.735,-22.228535,-0.5941867,0.23946854,0.039413795
3019.874,-22.228535,-0.60177994,0.24059841,0.03777814
1596.9388,-22.228535,-0.61247146,0.24887808,0.034639724
640.6333,-22.228535,-0.65900075,0.28086644,0.033112008
160.16696,-22.228535,-0.616543,0.42478108,0.010585991
99939.836,-24.096226,-0.7383199,0.26835194,0.049797483
99459.37,-24.096226,-0.7383478,0.2683506,0.04979219
98503.06,-24.096226,-0.7384018,0.26834774,0.04978115
97080.125,-24.096226,-0.73847574,0.26834157,0.04976283
95204.266,-24.096226,-0.7385595,0.26833102,0.04973516
92893.55,-24.096226,-0.738639,0.2683142,0.049694695
90170.22,-24.096226,-0.73869133,0.26828983,0.04963668
87060.51,-24.096226,-0.7386836,0.2682578,0.049555518
83594.37,-24.096226,-0.7385798,0.2682198,0.04944531
79805.18,-24.096226,-0.73835343,0.26817927,0.049302638
75729.43,-24.096226,-0.7380171,0.26813936,0.04913046
71406.375,-24.096226,-0.7376534,0.26810178,0.04894385
66877.65,-24.096226,-0.7374114,0.26806784,0.04876832
62186.86,-24.096226,-0.7374185,0.26805428,0.048629597
57379.188,-24.096226,-0.7377269,0.26810464,0.04854429
52500.93,-24.096226,-0.7383386,0.26828414,0.048522647
47599.07,-24.096226,-0.7391788,0.2686661,0.048569
42720.812,-24.096226,-0.7400296,0.2693119,0.048654318
37913.14,-24.096226,-0.7407088,0.27023923,0.048710704
33222.35,-24.096226,-0.74131066,0.2714246,0.048681773
28693.623,-24.096226,-0.7418581,0.27295983,0.048560355
24370.568,-24.096226,-0.74231684,0.2747659,0.048488308
20294.82,-24.096226,-0.74299985,0.27665967,0.04865173
16505.63,-24.096226,-0.7446104,0.2791273,0.049574025
13039.491,-24.096226,-0.7499403,0.28239515,0.051891435
9929.784,-24.096226,-0.76358473,0.28743967,0.05750086
7206.456,-24.096226,-0.7698699,0.2909407,0.06819771
4895.735,-24.096226,-0.66559076,0.259927,0.05575006
3019.874,-24.096226,-0.6703445,0.25893983,0.053839374
1596.9388,-24.096226,-0.6815827,0.26555103,0.05057443
640.6333,-24.096226,-0.72290075,0.29672477,0.048270337
160.16696,-24.096226,-0.6365557,0.4357791,0.02113149
99939.836,-25.73186,-0.79069525,0.28413922,0.06369956
99459.37,-25.73186,-0.7907218,0.2841404,0.06369341
98503.06,-25.73186,-0.7907729,0.28414232,0.06368046
97080.125,-25.73186,-0.7908431,0.28414434,0.06365983
95204.266,-25.73186,-0.7909253,0.28414524,0.06363012
92893.55,-25.73186,-0.79100776,0.284143,0.06358836
90170.22,-25.73186,-0.7910727,0.2841361,0.06353101
87060.51,-25.73186,-0.79109776,0.2841222,0.06345278
83594.37,-25.73186,-0.7910597,0.28409877,0.06334787
79805.18,-25.73186,-0.79093695,0.2840651,0.0632117
75729.43,-25.73186,-0.7907294,0.2840208,0.063043
71406.375,-25.73186,-0.79047596,0.28397077,0.062849745
66877.65,-25.73186,-0.7902719,0.28392068,0.06265044
62186.86,-25.73186,-0.790243,0.2838767,0.062471103
57379.188,-25.73186,-0.79047847,0.28385788,0.062334
52500.93,-25.73186,-0.79097366,0.28391778,0.062249027
47599.07,-25.73186,-0.79168284,0.28413427,0.062221624
42720.812,-25.73186,-0.79248166,0.28458267,0.062245797
37913.14,-25.73186,-0.79312354,0.28532034,0.06226486
33222.35,-25.73186,-0.7935153,0.28636062,0.06219075
28693.623,-25.73186,-0.7938882,0.2877119,0.062022485
24370.568,-25.73186,-0.79443705,0.28954467,0.06185261
20294.82,-25.73186,-0.7954618,0.2915163,0.06186241
16505.63,-25.73186,-0.7969465,0.29405126,0.06235125
13039.491,-25.73186,-0.8006215,0.29713637,0.064030424
9929.784,-25.73186,-0.8119005,0.30209532,0.06835201
7206.456,-25.73186,-0.828949,0.30757505,0.07834898
4895.735,-25.73186,-0.7525565,0.28739336,0.07668248
3019.874,-25.73186,-0.7274803,0.27465606,0.06782796
1596.9388,-25.73186,-0.7373518,0.2796094,0.064355984
640.6333,-25.73186,-0.7760336,0.31070882,0.061519902
160.16696,-25.73186,-0.6521765,0.44557607,0.029914826
99939.836,-27.119678,-0.8322886,0.29677576,0.07521788
99459.37,-27.119678,-0.83231056,0.2967781,0.07520964
98503.06,-27.119678,-0.8323526,0.29678297,0.075192705
97080.125,-27.119678,-0.8324123,0.2967899,0.07516686
95204.266,-27.119678,-0.8324819,0.2967987,0.075130805
92893.55,-27.119678,-0.8325534,0.2968089,0.07508297
90170.22,-27.119678,-0.83261156,0.29682007,0.07502081
87060.51,-27.119678,-0.83264226,0.29683068,0.074940965
83594.37,-27.119678,-0.83263063,0.29683712,0.07483889
79805.18,-27.119678,-0.83257174,0.2968343,0.07471098
75729.43,-27.119678,-0.8324759,0.29681462,0.07455506
71406.375,-27.119678,-0.83237547,0.29677442,0.07437341
66877.65,-27.119678,-0.83231777,0.29671946,0.07417531
62186.86,-27.119678,-0.8323629,0.29666513,0.073977865
57379.188,-27.119678,-0.83257496,0.29662722,0.07380207
52500.93,-27.119678,-0.8329855,0.29663402,0.07366464
47599.07,-27.119678,-0.83356416,0.29675227,0.073573075
42720.812,-27.119678,-0.834256,0.29706472,0.07352766
37913.14,-27.119678,-0.8348837,0.29764545,0.07349352
33222.35,-27.119678,-0.8352196,0.298545,0.07337807
28693.623,-27.119678,-0.83540547,0.29976085,0.07315962
24370.568,-27.119678,-0.83594495,0.30144644,0.07292056
20294.82,-27.119678,-0.8370689,0.30359882,0.07282446
16505.63,-27.119678,-0.8387046,0.30599588,0.073071316
13039.491,-27.119678,-0.8414609,0.30909958,0.07428639
9929.784,-27.119678,-0.85093606,0.31365803,0.07778128
7206.456,-27.119678,-0.8705674,0.3198851,0.086886376
4895.735,-27.119678,-0.830795,0.31146297,0.09551166
3019.874,-27.119678,-0.7731424,0.2876677,0.07934553
1596.9388,-27.119678,-0.7810899,0.2910513,0.07565924
640.6333,-27.119678,-0.81821537,0.32234436,0.07240526
160.16696,-27.119678,-0.6653652,0.4543734,0.036857776
99939.836,-28.246323,-0.8639692,0.30647704,0.084289744
99459.37,-28.246323,-0.86398596,0.3064794,0.084279224
98503.06,-28.246323,-0.8640193,0.30648383,0.08425811
97080.125,-28.246323,-0.8640672,0.30649102,0.0842261
95204.266,-28.246323,-0.864125,0.30650115,0.08418307
92893.55,-28.246323,-0.8641852,0.30651584,0.08412746
90170.22,-28.246323,-0.8642386,0.30653456,0.08405827
87060.51,-28.246323,-0.8642754,0.30655846,0.08397336
83594.37,-28.246323,-0.86428666,0.30658507,0.08387036
79805.18,-28.246323,-0.8642741,0.30660793,0.08374657
75729.43,-28.246323,-0.86425686,0.30661592,0.08360054
71406.375,-28.246323,-0.8642688,0.30659676,0.083431646
66877.65,-28.246323,-0.86434484,0.3065481,0.08324248
62186.86,-28.246323,-0.86450577,0.3064851,0.08304106
57379.188,-28.246323,-0.86475796,0.30643606,0.08284144
52500.93,-28.246323,-0.8651196,0.3064269,0.08266152
47599.07,-28.246323,-0.8655963,0.3065003,0.08251554
42720.812,-28.246323,-0.86615866,0.30673853,0.082405984
37913.14,-28.246323,-0.86671627,0.30722386,0.08230724
33222.35,-28.246323,-0.8670356,0.30802175,0.08214506
28693.623,-28.246323,-0.8671043,0.30915523,0.08187674
24370.568,-28.246323,-0.8675113,0.31071445,0.081581905
20294.82,-28.246323,-0.8686708,0.3129009,0.081403896
16505.63,-28.246323,-0.87051284,0.3152339,0.08152606
13039.491,-28.246323,-0.87297475,0.31836084,0.0824323
9929.784,-28.246323,-0.88108367,0.32256606,0.0853567
7206.456,-28.246323,-0.90090287,0.3291856,0.09356129
4895.735,-28.246323,-0.8687361,0.32189047,0.10385038
3019.874,-28.246323,-0.8081094,0.2979734,0.08834906
1596.9388,-28.246323,-0.81412274,0.299996,0.08445362
640.6333,-28.246323,-0.85043025,0.3314767,0.08089011
160.16696,-28.246323,-0.67612565,0.46167684,0.042059455
99939.836,-29.100937,-0.8867215,0.31350327,0.090966485
99459.37,-29.100937,-0.8867351,0.3135047,0.09095432
98503.06,-29.100937,-0.88676065,0.31350762,0.09092994
97080.125,-29.100937,-0.8867986,0.31351313,0.090893075
95204.266,-29.100937,-0.8868461,0.3135215,0.09084381
92893.55,-29.100937,-0.88689995,0.31353498,0.09078174
90170.22,-29.100937,-0.88695204,0.31355506,0.09070603
87060.51,-29.100937,-0.886996,0.31358302,0.09061578
83594.37,-29.100937,-0.88702977,0.3136184,0.09050997
79805.18,-29.100937,-0.887056,0.31365526,0.09038721
75729.43,-29.100937,-0.88709867,0.3136821,0.09024681
71406.375,-29.100937,-0.88718975,0.31368285,0.09008694
66877.65,-29.100937,-0.88736176,0.31364748,0.08990656
62186.86,-29.100937,-0.88762,0.31358498,0.08970685
57379.188,-29.100937,-0.8879377,0.3135281,0.08949496
52500.93,-29.100937,-0.8882907,0.31351322,0.08928581
47599.07,-29.100937,-0.88868916,0.3135737,0.089096524
42720.812,-29.100937,-0.8891331,0.31377727,0.08893357
37913.14,-29.100937,-0.88958347,0.31421235,0.0887751
33222.35,-29.100937,-0.8898595,0.31494933,0.088562466
28693.623,-29.100937,-0.88986295,0.31603038,0.08825217
24370.568,-29.100937,-0.8901229,0.3175128,0.08791049
20294.82,-29.100937,-0.89125204,0.31964055,0.08767186
16505.63,-29.100937,-0.8932013,0.32200053,0.087720454
13039.491,-29.100937,-0.89562297,0.32509398,0.08843329
9929.784,-29.100937,-0.9028311,0.32912767,0.09098685
7206.456,-29.100937,-0.92228436,0.33582276,0.09849997
4895.735,-29.100937,-0.89627004,0.33056116,0.10967024
3019.874,-29.100937,-0.83334965,0.30561414,0.09493433
1596.9388,-29.100937,-0.8376801,0.3065649,0.09084825
640.6333,-29.100937,-0.87364984,0.3381562,0.087074496
160.16696,-29.100937,-0.68425107,0.46720952,0.045725122
99939.836,-29.675295,-0.90138113,0.31806356,0.09534074
99459.37,-29.675295,-0.90139174,0.31806403,0.09532738
98503.06,-29.675295,-0.9014132,0.3180654,0.09530072
97080.125,-29.675295,-0.90144527,0.31806874,0.0952609
95204.266,-29.675295,-0.9014861,0.31807494,0.09520769
92893.55,-29.675295,-0.9015348,0.31808618,0.09514099
90170.22,-29.675295,-0.9015866,0.31810492,0.09506071
87060.51,-29.675295,-0.90163743,0.3181334,0.094966486
83594.37,-29.675295,-0.90168786,0.31817165,0.09485793
79805.18,-29.675295,-0.90174466,0.31821465,0.09473517
75729.43,-29.675295,-0.9018298,0.31825185,0.09459732
71406.375,-29.675295,-0.90197515,0.3182658,0.09444289
66877.65,-29.675295,-0.90221035,0.3182432,0.09426876
62186.86,-29.675295,-0.9025346,0.3181869,0.094071925
57379.188,-29.675295,-0.9029074,0.3181275,0.093854845
52500.93,-29.675295,-0.9032727,0.31811014,0.09362845
47599.07,-29.675295,-0.9036231,0.3181693,0.0934101
42720.812,-29.675295,-0.90397716,0.3183599,0.09320904
37913.14,-29.675295,-0.9043292,0.31877005,0.09300597
33222.35,-29.675295,-0.90454936,0.31947446,0.09275182
28693.623,-29.675295,-0.9045106,0.3205238,0.09241028
24370.568,-29.675295,-0.9046589,0.32196546,0.092034295
20294.82,-29.675295,-0.905727,0.32402694,0.09175533
16505.63,-29.675295,-0.9077182,0.3264258,0.091758505
13039.491,-29.675295,-0.91017413,0.32946637,0.09236071
9929.784,-29.675295,-0.91683114,0.33344483,0.09469639
7206.456,-29.675295,-0.93592846,0.3401116,0.10178073
4895.735,-29.675295,-0.914308,0.33666098,0.113369584
3019.874,-29.675295,-0.84968466,0.31065163,0.0992301
1596.9388,-29.675295,-0.85277843,0.31086963,0.094996944
640.6333,-29.675295,-0.8886551,0.3425075,0.0910952
160.16696,-29.675295,-0.68967587,0.47088993,0.048056673
99939.836,-29.963863,-0.9085515,0.32030484,0.09750132
99459.37,-29.963863,-0.90856063,0.32030484,0.09748749
98503.06,-29.963863,-0.9085804,0.3203053,0.09745978
97080.125,-29.963863,-0.90860915,0.32030722,0.09741826
95204.266,-29.963863,-0.9086466,0.32031217,0.09736302
92893.55,-29.963863,-0.9086932,0.32032195,0.09729422
90170.22,-29.963863,-0.9087454,0.32033953,0.09721166
87060.51,-29.963863,-0.9087999,0.32036763,0.097115375
83594.37,-29.963863,-0.9088587,0.32040605,0.09700549
79805.18,-29.963863,-0.9089316,0.3204518,0.09688224
75729.43,-29.963863,-0.90903944,0.32049277,0.09674542
71406.375,-29.963863,-0.90921295,0.32051355,0.09659365
66877.65,-29.963863,-0.9094808,0.3204981,0.09642269
62186.86,-29.963863,-0.90983915,0.320447,0.09622775
57379.188,-29.963863,-0.9102416,0.3203884,0.09600906
52500.93,-29.963863,-0.9106185,0.32037014,0.09577479
47599.07,-29.963863,-0.91094804,0.3204302,0.09554219
42720.812,-29.963863,-0.9112542,0.32061687,0.09532128
37913.14,-29.963863,-0.9115493,0.3210171,0.0950946
33222.35,-29.963863,-0.9117322,0.3217074,0.094817676
28693.623,-29.963863,-0.9116701,0.32274178,0.09445912
24370.568,-29.963863,-0.9117613,0.32416582,0.09406535
20294.82,-29.963863,-0.9127857,0.32618985,0.09376607
16505.63,-29.963863,-0.9147897,0.3286082,0.09374627
13039.491,-29.963863,-0.917277,0.3316163,0.094298646
9929.784,-29.963863,-0.9236696,0.3355805,0.09653188
7206.456,-29.963863,-0.94256693,0.34221938,0.10341636
4895.735,-29.963863,-0.923226,0.33972868,0.11516873
3019.874,-29.963863,-0.8576982,0.31315008,0.10134651
1596.9388,-29.963863,-0.86013967,0.31299692,0.09703336
640.6333,-29.963863,-0.8960079,0.34464878,0.09307151
160.16696,-29.963863,-0.69238925,0.4727211,0.049190186
