alpha_deg,Re,CL,CD,CM
29.963863,99939.836,0.99469334,0.3595853,-0.15352322
29.963863,99459.37,0.9926985,0.35945424,-0.15326181
29.963863,98503.06,0.98873836,0.35919437,-0.15274295
29.963863,97080.125,0.98286694,0.3588104,-0.15197444
29.963863,95204.266,0.975146,0.35830677,-0.1509647
29.963863,92893.55,0.9656153,0.3576863,-0.14971882
29.963863,90170.22,0.95429146,0.356948,-0.14823784
29.963863,87060.51,0.94121325,0.35608914,-0.1465233
29.963863,83594.37,0.9265441,0.35511145,-0.14458804
29.963863,79805.18,0.91075623,0.3540357,-0.14248091
29.963863,75729.43,0.8949732,0.35292992,-0.14033386
29.963863,71406.375,0.8820544,0.3519905,-0.13850902
29.963863,66877.65,0.8804038,0.3517868,-0.13810979
29.963863,62186.86,0.9118084,0.35378587,-0.14201728
29.963863,57379.188,1.0082194,0.36051583,-0.15445104
29.963863,52500.93,1.1632278,0.3727781,-0.17454714
29.963863,47599.07,1.262489,0.38199922,-0.18742317
29.963863,42720.812,1.2672318,0.38373256,-0.18805516
29.963863,37913.14,1.2651972,0.38531408,-0.1878124
29.963863,33222.35,1.2681516,0.38739982,-0.18823244
29.963863,28693.623,1.2720821,0.38987586,-0.1889803
29.963863,24370.568,1.2755063,0.39245802,-0.19014537
29.963863,20294.82,1.2778184,0.3947668,-0.19148591
29.963863,16505.63,1.2795345,0.39768368,-0.19292665
29.963863,13039.491,1.2787029,0.4013736,-0.19519986
29.963863,9929.784,1.2763743,0.4045536,-0.19973604
29.963863,7206.456,1.2685977,0.40823075,-0.20640847
29.963863,4895.735,1.2341158,0.4052632,-0.20915402
29.963863,3019.874,1.203189,0.40328848,-0.19640982
29.963863,1596.9388,1.1958385,0.40134922,-0.18695569
29.963863,640.6333,1.2246592,0.4291532,-0.17678492
29.963863,160.16696,0.94963694,0.5474519,-0.11127562
29.675295,99939.836,0.9870872,0.35625407,-0.15110758
29.675295,99459.37,0.9851188,0.3561264,-0.15085165
29.675295,98503.06,0.98121065,0.3558736,-0.15034348
29.675295,97080.125,0.9754109,0.35550016,-0.14959034
29.675295,95204.266,0.9677655,0.35501078,-0.14859836
29.675295,92893.55,0.95830417,0.35440743,-0.14737146
29.675295,90170.22,0.94703925,0.35368973,-0.14590985
29.675295,87060.51,0.93400276,0.3528541,-0.14421296
29.675295,83594.37,0.9193573,0.35190102,-0.14229378
29.675295,79805.18,0.90354615,0.35084847,-0.14019597
29.675295,75729.43,0.887557,0.34975448,-0.13803178
29.675295,71406.375,0.87387717,0.34879264,-0.1361141
29.675295,66877.65,0.8702835,0.3484876,-0.13546151
29.675295,62186.86,0.89863443,0.35027885,-0.13896275
29.675295,57379.188,0.99390274,0.35681894,-0.15123598
29.675295,52500.93,1.1526653,0.36917883,-0.17181183
29.675295,47599.07,1.2562028,0.37868378,-0.18524437
29.675295,42720.812,1.2612085,0.38047162,-0.18592773
29.675295,37913.14,1.2590594,0.38204357,-0.18569134
29.675295,33222.35,1.2619554,0.38411736,-0.18613741
29.675295,28693.623,1.2656604,0.38664994,-0.18693784
29.675295,24370.568,1.2689353,0.3891822,-0.18816948
29.675295,20294.82,1.2711265,0.39151993,-0.18953964
29.675295,16505.63,1.2724319,0.3945022,-0.19101344
29.675295,13039.491,1.2713459,0.39812022,-0.19335863
29.675295,9929.784,1.2687646,0.40123224,-0.19794534
29.675295,7206.456,1.2600207,0.40491232,-0.20455937
29.675295,4895.735,1.2255139,0.40248105,-0.20675963
29.675295,3019.874,1.1946601,0.3994085,-0.19411005
29.675295,1596.9388,1.1875247,0.3976901,-0.18467988
29.675295,640.6333,1.216659,0.42571718,-0.17449802
29.675295,160.16696,0.94785523,0.5443947,-0.109909475
29.100937,99939.836,0.9730709,0.3496329,-0.1464048
29.100937,99459.37,0.97115743,0.34951016,-0.1461601
29.100937,98503.06,0.9673511,0.34926772,-0.14567353
29.100937,97080.125,0.96168405,0.34891,-0.14494993
29.100937,95204.266,0.95416933,0.34844068,-0.14399166
29.100937,92893.55,0.94480866,0.34786314,-0.14279868
29.100937,90170.22,0.9335874,0.34717602,-0.14136685
29.100937,87060.51,0.92053545,0.34637728,-0.13969505
29.100937,83594.37,0.905839,0.34546724,-0.13779657
29.100937,79805.18,0.8899366,0.3444597,-0.13571273
29.100937,75729.43,0.87362593,0.34339842,-0.13352764
29.100937,71406.375,0.8587097,0.34241417,-0.13146237
29.100937,66877.65,0.8515739,0.34193912,-0.13034919
29.100937,62186.86,0.8735697,0.34332037,-0.13300575
29.100937,57379.188,0.96548814,0.34942403,-0.14481841
29.100937,52500.93,1.1309608,0.36189538,-0.1662502
29.100937,47599.07,1.2432194,0.37196308,-0.18082261
29.100937,42720.812,1.2489,0.37387124,-0.18163398
29.100937,37913.14,1.2464961,0.3754063,-0.18140651
29.100937,33222.35,1.2492076,0.3775084,-0.18190923
29.100937,28693.623,1.2525103,0.38012767,-0.18282668
29.100937,24370.568,1.2554346,0.38254574,-0.18417697
29.100937,20294.82,1.2574414,0.38496485,-0.18560305
29.100937,16505.63,1.2578564,0.38807458,-0.18714795
29.100937,13039.491,1.2562944,0.3915208,-0.18964778
29.100937,9929.784,1.253247,0.3945002,-0.19431978
29.100937,7206.456,1.2425119,0.39810708,-0.20074922
29.100937,4895.735,1.2069768,0.39689463,-0.20153135
29.100937,3019.874,1.177324,0.3915723,-0.18945111
29.100937,1596.9388,1.1707046,0.39029545,-0.1800714
29.100937,640.6333,1.2001214,0.41874364,-0.16980992
29.100937,160.16696,0.9439005,0.53788835,-0.10708191
28.246323,99939.836,0.9544114,0.33980435,-0.13959688
28.246323,99459.37,0.95259976,0.33968523,-0.13937172
28.246323,98503.06,0.94898,0.33945027,-0.1389225
28.246323,97080.125,0.9435465,0.3391028,-0.1382488
28.246323,95204.266,0.9362614,0.33864608,-0.13734671
28.246323,92893.55,0.92704886,0.33808404,-0.13620573
28.246323,90170.22,0.91582036,0.3374173,-0.13481192
28.246323,87060.51,0.90257144,0.33664677,-0.13315786
28.246323,83594.37,0.8875457,0.33577964,-0.13126221
28.246323,79805.18,0.8712997,0.33483112,-0.12917663
28.246323,75729.43,0.85457736,0.3338321,-0.12697417
28.246323,71406.375,0.838443,0.33286265,-0.12477469
28.246323,66877.65,0.8271068,0.33221695,-0.12312123
28.246323,62186.86,0.8395789,0.33303252,-0.12451598
28.246323,57379.188,0.9238512,0.33836624,-0.1352935
28.246323,52500.93,1.0969713,0.3507884,-0.1577014
28.246323,47599.07,1.222658,0.361682,-0.17404793
28.246323,42720.812,1.2297667,0.36376595,-0.17511362
28.246323,37913.14,1.2269045,0.36527148,-0.17489378
28.246323,33222.35,1.2291789,0.3675538,-0.17550115
28.246323,28693.623,1.2321024,0.37016496,-0.17662011
28.246323,24370.568,1.234366,0.37246972,-0.17810397
28.246323,20294.82,1.235981,0.3750034,-0.17959191
28.246323,16505.63,1.2351514,0.37824515,-0.18125679
28.246323,13039.491,1.2327691,0.38142186,-0.18404374
28.246323,9929.784,1.2292329,0.38428172,-0.1888148
28.246323,7206.456,1.2151332,0.38733,-0.19481067
28.246323,4895.735,1.1734052,0.3869884,-0.19216198
28.246323,3019.874,1.150677,0.37965095,-0.18233016
28.246323,1596.9388,1.1450416,0.3790358,-0.17302622
28.246323,640.6333,1.1739924,0.4080642,-0.16249892
28.246323,160.16696,0.9373975,0.5272485,-0.10265864
27.119678,99939.836,0.9322586,0.3268486,-0.13078108
27.119678,99459.37,0.9306217,0.32673225,-0.13058734
27.119678,98503.06,0.92733485,0.32650134,-0.13019858
27.119678,97080.125,0.9223548,0.32615688,-0.1296102
27.119678,95204.266,0.9155748,0.3256996,-0.12880856
27.119678,92893.55,0.9068014,0.32512975,-0.12776853
27.119678,90170.22,0.89577967,0.32444912,-0.12645483
27.119678,87060.51,0.88233656,0.32366633,-0.12483736
27.119678,83594.37,0.8666561,0.3228027,-0.12292442
27.119678,79805.18,0.8494913,0.32189152,-0.120789185
27.119678,75729.43,0.83193,0.32096803,-0.11854141
27.119678,71406.375,0.81481093,0.32007137,-0.11626381
27.119678,66877.65,0.80007327,0.31934518,-0.11419421
27.119678,62186.86,0.80154294,0.31958163,-0.11414176
27.119678,57379.188,0.87134105,0.3237713,-0.12298573
27.119678,52500.93,1.0491551,0.33573645,-0.14600779
27.119678,47599.07,1.1933284,0.3476392,-0.1648375
27.119678,42720.812,1.2029458,0.34996325,-0.1663182
27.119678,37913.14,1.1992853,0.3516822,-0.16612688
27.119678,33222.35,1.2011242,0.3542237,-0.16693573
27.119678,28693.623,1.2036641,0.3566189,-0.16832064
27.119678,24370.568,1.2053019,0.35899758,-0.16994123
27.119678,20294.82,1.2055479,0.3616406,-0.17150109
27.119678,16505.63,1.2034737,0.36477283,-0.17335603
27.119678,13039.491,1.199687,0.36767673,-0.17657095
27.119678,9929.784,1.1956924,0.37045956,-0.18145642
27.119678,7206.456,1.1761234,0.37162763,-0.1866369
27.119678,4895.735,1.1208146,0.36815265,-0.17844115
27.119678,3019.874,1.1141018,0.36351445,-0.17263557
27.119678,1596.9388,1.1101234,0.36380383,-0.16341263
27.119678,640.6333,1.1368625,0.39350387,-0.15226631
27.119678,160.16696,0.9289151,0.5120277,-0.096580125
25.73186,99939.836,0.90715295,0.31070456,-0.119975045
25.73186,99459.37,0.9057457,0.31059763,-0.11982177
25.73186,98503.06,0.9029137,0.31038275,-0.11951379
25.73186,97080.125,0.8986013,0.31005627,-0.119044356
25.73186,95204.266,0.89266205,0.30961207,-0.118395664
25.73186,92893.55,0.8848278,0.30904046,-0.117533036
25.73186,90170.22,0.874669,0.30833268,-0.11639929
25.73186,87060.51,0.861717,0.30749157,-0.114927284
25.73186,83594.37,0.8457533,0.3065479,-0.11307435
25.73186,79805.18,0.82734805,0.30557165,-0.11088725
25.73186,75729.43,0.80800533,0.30464765,-0.10852303
25.73186,71406.375,0.789338,0.30383438,-0.1061506
25.73186,66877.65,0.77255684,0.30317876,-0.10389564
25.73186,62186.86,0.765082,0.30307007,-0.10270796
25.73186,57379.188,0.81323993,0.30592743,-0.108713865
25.73186,52500.93,0.9882044,0.3168756,-0.13143629
25.73186,47599.07,1.1557522,0.3298647,-0.15343472
25.73186,42720.812,1.1670294,0.3327035,-0.1552733
25.73186,37913.14,1.1628996,0.3349111,-0.15525746
25.73186,33222.35,1.1648685,0.3373967,-0.15641294
25.73186,28693.623,1.1665238,0.3397065,-0.15800893
25.73186,24370.568,1.1671443,0.34207404,-0.15967551
25.73186,20294.82,1.1653305,0.3448432,-0.16139708
25.73186,16505.63,1.1620737,0.3475392,-0.16364159
25.73186,13039.491,1.156739,0.35013923,-0.16721457
25.73186,9929.784,1.1506189,0.3527361,-0.17225778
25.73186,7206.456,1.1246088,0.3505696,-0.17617661
25.73186,4895.735,1.0714937,0.3464496,-0.16571188
25.73186,3019.874,1.0671299,0.34310445,-0.16032068
25.73186,1596.9388,1.0655861,0.3446896,-0.1511419
25.73186,640.6333,1.0875038,0.37484226,-0.1388669
25.73186,160.16696,0.9200485,0.49270445,-0.08895271
24.096226,99939.836,0.8836632,0.291219,-0.10769252
24.096226,99459.37,0.8825632,0.29114753,-0.10759258
24.096226,98503.06,0.8803343,0.2910004,-0.10738987
24.096226,97080.125,0.8768975,0.2907654,-0.10707563
24.096226,95204.266,0.8720812,0.2904242,-0.10662948
24.096226,92893.55,0.8655688,0.2899498,-0.10601241
24.096226,90170.22,0.8568529,0.28931057,-0.10515944
24.096226,87060.51,0.84525216,0.2884809,-0.10397905
24.096226,83594.37,0.8300907,0.28746408,-0.102371566
24.096226,79805.18,0.811232,0.28632933,-0.1002928
24.096226,75729.43,0.7898325,0.28522786,-0.097852044
24.096226,71406.375,0.7683149,0.2843425,-0.095316015
24.096226,66877.65,0.7491966,0.28379267,-0.092966326
24.096226,62186.86,0.7366101,0.28371918,-0.091292456
24.096226,57379.188,0.7632812,0.28562802,-0.09459792
24.096226,52500.93,0.9327886,0.295741,-0.11673389
24.096226,47599.07,1.115881,0.3097494,-0.14101961
24.096226,42720.812,1.1214377,0.31254816,-0.1423442
24.096226,37913.14,1.1183827,0.31481236,-0.14281276
24.096226,33222.35,1.1198086,0.317322,-0.1442946
24.096226,28693.623,1.1204079,0.31952757,-0.14598206
24.096226,24370.568,1.1186489,0.321877,-0.14775713
24.096226,20294.82,1.1152197,0.32441628,-0.1498157
24.096226,16505.63,1.1099333,0.32672843,-0.15266393
24.096226,13039.491,1.1040072,0.3288118,-0.1564289
24.096226,9929.784,1.0931785,0.3306727,-0.16113214
24.096226,7206.456,1.0591732,0.32594818,-0.16367324
24.096226,4895.735,1.0130429,0.32107988,-0.15102853
24.096226,3019.874,1.0099406,0.31865582,-0.14554775
24.096226,1596.9388,1.0114938,0.32211503,-0.13635051
24.096226,640.6333,1.0236801,0.35192153,-0.12227167
24.096226,160.16696,0.90912646,0.4705191,-0.07983997
22.228535,99939.836,0.84501386,0.2670486,-0.092646636
22.228535,99459.37,0.8447431,0.26707807,-0.09265964
22.228535,98503.06,0.84420425,0.26713368,-0.09268781
22.228535,97080.125,0.8433756,0.26720676,-0.092731684
22.228535,95204.266,0.8421533,0.2672795,-0.0927828
22.228535,92893.55,0.8402961,0.26732203,-0.09281621
22.228535,90170.22,0.837355,0.26728892,-0.09278119
22.228535,87060.51,0.83262205,0.26711917,-0.092593364
22.228535,83594.37,0.8251194,0.26674598,-0.09212845
22.228535,79805.18,0.8138013,0.26612756,-0.09123852
22.228535,75729.43,0.7982315,0.2653033,-0.08982519
22.228535,71406.375,0.7793538,0.26443505,-0.08794057
22.228535,66877.65,0.75921714,0.26377136,-0.085775174
22.228535,62186.86,0.74130183,0.26362246,-0.08370934
22.228535,57379.188,0.7515617,0.265272,-0.085115366
22.228535,52500.93,0.9016615,0.27472588,-0.105042875
22.228535,47599.07,1.064676,0.28687903,-0.12721385
22.228535,42720.812,1.0683922,0.2894385,-0.12871608
22.228535,37913.14,1.064945,0.29167005,-0.12953812
22.228535,33222.35,1.0653387,0.29389033,-0.13119069
22.228535,28693.623,1.063591,0.29605404,-0.13305424
22.228535,24370.568,1.0601139,0.29836038,-0.13518469
22.228535,20294.82,1.0547531,0.3004384,-0.13781537
22.228535,16505.63,1.0477169,0.3022643,-0.14097546
22.228535,13039.491,1.0396682,0.3038439,-0.14499584
22.228535,9929.784,1.0227692,0.30353937,-0.14864095
22.228535,7206.456,0.97925943,0.30039668,-0.14656274
22.228535,4895.735,0.94380116,0.29199886,-0.13419968
22.228535,3019.874,0.94363576,0.29106262,-0.12874289
22.228535,1596.9388,0.94920677,0.2967294,-0.11943002
22.228535,640.6333,0.9383084,0.3259778,-0.102425694
22.228535,160.16696,0.8770356,0.44617006,-0.067851044
20.146769,99939.836,0.79654294,0.24390537,-0.07852196
20.146769,99459.37,0.79607725,0.2438588,-0.07848778
20.146769,98503.06,0.795359,0.24377546,-0.078445606
20.146769,97080.125,0.7947263,0.24367307,-0.07843828
20.146769,95204.266,0.79450786,0.24357355,-0.078509435
20.146769,92893.55,0.7948841,0.24349631,-0.078687266
20.146769,90170.22,0.7957868,0.24345417,-0.07897424
20.146769,87060.51,0.7969013,0.24344952,-0.079348885
20.146769,83594.37,0.7976918,0.2434721,-0.07977033
20.146769,79805.18,0.7975436,0.2435037,-0.08019253
20.146769,75729.43,0.79607815,0.24353828,-0.08059264
20.146769,71406.375,0.7933422,0.24360193,-0.08096152
20.146769,66877.65,0.7877088,0.24368435,-0.080998525
20.146769,62186.86,0.77360505,0.24367742,-0.07985959
20.146769,57379.188,0.7594463,0.24415275,-0.078600764
20.146769,52500.93,0.82901466,0.24911407,-0.08857955
20.146769,47599.07,0.9831591,0.25945312,-0.11032606
20.146769,42720.812,1.00865,0.26298812,-0.11515322
20.146769,37913.14,1.0030524,0.26485738,-0.116185896
20.146769,33222.35,1.0011094,0.2671715,-0.118243
20.146769,28693.623,0.9975159,0.26926482,-0.12058337
20.146769,24370.568,0.9920176,0.2710962,-0.12308332
20.146769,20294.82,0.984352,0.2726266,-0.125874
20.146769,16505.63,0.9755001,0.27363777,-0.12931208
20.146769,13039.491,0.9627502,0.27401483,-0.13257599
20.146769,9929.784,0.9344467,0.2721209,-0.13456489
20.146769,7206.456,0.8673027,0.26181206,-0.11988261
20.146769,4895.735,0.86791766,0.26028058,-0.11618718
20.146769,3019.874,0.87018627,0.26098356,-0.11044328
20.146769,1596.9388,0.88184386,0.26878467,-0.101213
20.146769,640.6333,0.83599293,0.29867148,-0.08070814
20.146769,160.16696,0.8115583,0.42252022,-0.053695615
17.87098,99939.836,1.4633397,0.14757992,-0.024143636
17.87098,99459.37,1.4624804,0.14770511,-0.024080213
17.87098,98503.06,1.4606335,0.1479526,-0.023951134
17.87098,97080.125,1.4575291,0.14831653,-0.023752356
17.87098,95204.266,1.4527292,0.1487859,-0.023479436
17.87098,92893.55,1.4456136,0.14934523,-0.023130974
17.87098,90170.22,1.4354285,0.14997895,-0.022711452
17.87098,87060.51,1.421563,0.15068118,-0.022230763
17.87098,83594.37,1.4043823,0.15145917,-0.021711502
17.87098,79805.18,1.3856335,0.15240712,-0.021314636
17.87098,75729.43,1.3609701,0.15416554,-0.021811642
17.87098,71406.375,1.3104197,0.15729018,-0.026724163
17.87098,66877.65,0.88569534,0.21948607,-0.085260324
17.87098,62186.86,0.8289347,0.22298022,-0.08134592
17.87098,57379.188,0.81079656,0.22316293,-0.080157876
17.87098,52500.93,0.82682484,0.22429994,-0.08306016
17.87098,47599.07,0.91460973,0.22983965,-0.09638666
17.87098,42720.812,0.93961936,0.2328896,-0.101896055
17.87098,37913.14,0.9346777,0.23475698,-0.103859335
17.87098,33222.35,0.93203205,0.2367466,-0.10638366
17.87098,28693.623,0.92614645,0.23856084,-0.10892964
17.87098,24370.568,0.9170356,0.2398978,-0.11169173
17.87098,20294.82,0.9063361,0.2407282,-0.11462718
17.87098,16505.63,0.892302,0.24098815,-0.117367215
17.87098,13039.491,0.86781603,0.23996373,-0.11942479
17.87098,9929.784,0.8224877,0.23566493,-0.11398492
17.87098,7206.456,0.786684,0.22687727,-0.10170874
17.87098,4895.735,0.78805685,0.22662021,-0.09741098
17.87098,3019.874,0.79245967,0.22932512,-0.091342814
17.87098,1596.9388,0.80618364,0.23941213,-0.08236437
17.87098,640.6333,0.75694674,0.270935,-0.06307942
17.87098,160.16696,0.76964194,0.40438426,-0.046711706
15.423082,99939.836,1.400263,0.116124295,-0.035582077
15.423082,99459.37,1.4007523,0.11622309,-0.035603967
15.423082,98503.06,1.4017317,0.11642327,-0.035649076
15.423082,97080.125,1.4032034,0.1167302,-0.03571947
15.423082,95204.266,1.4051616,0.117151216,-0.0358166
15.423082,92893.55,1.407581,0.117694974,-0.03593972
15.423082,90170.22,1.4103991,0.118370734,-0.03608306
15.423082,87060.51,1.4134829,0.11918759,-0.036234308
15.423082,83594.37,1.4165926,0.12015366,-0.036379904
15.423082,79805.18,1.4193765,0.121279724,-0.036509287
15.423082,75729.43,1.4214532,0.12258746,-0.03660657
15.423082,71406.375,1.4226185,0.12410899,-0.03664828
15.423082,66877.65,1.4230509,0.12583338,-0.03665905
15.423082,62186.86,1.4229666,0.12754966,-0.036596105
15.423082,57379.188,1.4252131,0.12867823,-0.036085445
15.423082,52500.93,1.4207623,0.131767,-0.036562905
15.423082,47599.07,1.420892,0.13361348,-0.033559624
15.423082,42720.812,0.95204115,0.18018806,-0.074930444
15.423082,37913.14,0.876439,0.19835518,-0.09285244
15.423082,33222.35,0.86231107,0.20106329,-0.09609725
15.423082,28693.623,0.8484482,0.20290704,-0.09915171
15.423082,24370.568,0.8328312,0.20427458,-0.10155448
15.423082,20294.82,0.8123592,0.20473257,-0.10379185
15.423082,16505.63,0.7856176,0.203615,-0.10473789
15.423082,13039.491,0.74449414,0.19902183,-0.09943299
15.423082,9929.784,0.7016422,0.19040026,-0.08631315
15.423082,7206.456,0.7017166,0.19027612,-0.08231686
15.423082,4895.735,0.704037,0.19196191,-0.07790651
15.423082,3019.874,0.7099225,0.19700848,-0.07197571
15.423082,1596.9388,0.72226596,0.20932063,-0.064271525
15.423082,640.6333,0.6905714,0.2438129,-0.050310925
15.423082,160.16696,0.7337442,0.38445702,-0.04478913
12.826653,99939.836,1.3128904,0.090038724,-0.05363789
12.826653,99459.37,1.31287,0.09007671,-0.05362974
12.826653,98503.06,1.3128393,0.09015375,-0.053614594
12.826653,97080.125,1.3128161,0.090271786,-0.053593915
12.826653,95204.266,1.3128319,0.09043388,-0.053570244
12.826653,92893.55,1.3129356,0.090644374,-0.053546645
12.826653,90170.22,1.3131926,0.09090902,-0.05352709
12.826653,87060.51,1.3136951,0.091236815,-0.05351706
12.826653,83594.37,1.3145562,0.09164283,-0.053527534
12.826653,79805.18,1.3158913,0.09215383,-0.053577363
12.826653,75729.43,1.3177892,0.0928163,-0.053695004
12.826653,71406.375,1.32017,0.09369969,-0.05391377
12.826653,66877.65,1.3223999,0.094876036,-0.054269753
12.826653,62186.86,1.3232496,0.096345305,-0.054803576
12.826653,57379.188,1.326744,0.09808038,-0.05572101
12.826653,52500.93,1.3368548,0.10100515,-0.05869116
12.826653,47599.07,1.3563207,0.104762614,-0.058197636
12.826653,42720.812,1.1574585,0.11734638,-0.059338547
12.826653,37913.14,0.8656701,0.14896974,-0.07689982
12.826653,33222.35,0.7763465,0.16239336,-0.09097637
12.826653,28693.623,0.7485046,0.1636348,-0.09168983
12.826653,24370.568,0.7211753,0.16338313,-0.09192714
12.826653,20294.82,0.68863773,0.16141306,-0.0897942
12.826653,16505.63,0.62742156,0.15397118,-0.07641809
12.826653,13039.491,0.6152618,0.15207048,-0.07136914
12.826653,9929.784,0.6135911,0.15274255,-0.06821608
12.826653,7206.456,0.6133131,0.15453728,-0.064752415
12.826653,4895.735,0.6150518,0.1579852,-0.060558744
12.826653,3019.874,0.6194455,0.16487777,-0.055346902
12.826653,1596.9388,0.6275594,0.17985632,-0.049267415
12.826653,640.6333,0.6048956,0.21806346,-0.0394388
12.826653,160.16696,0.65704197,0.3627538,-0.041490104
10.106695,99939.836,1.2452085,0.07629853,-0.08744284
10.106695,99459.37,1.2451044,0.07636308,-0.08745099
10.106695,98503.06,1.2448803,0.076493196,-0.08746557
10.106695,97080.125,1.2444981,0.07669076,-0.08748246
10.106695,95204.266,1.2438941,0.07695868,-0.087494604
10.106695,92893.55,1.2429636,0.07730096,-0.08749013
10.106695,90170.22,1.2415375,0.07772267,-0.087450445
10.106695,87060.51,1.2393482,0.078231126,-0.087348565
10.106695,83594.37,1.2359753,0.07883856,-0.08714848
10.106695,79805.18,1.230791,0.07956994,-0.08681118
10.106695,75729.43,1.2230364,0.08048054,-0.08631179
10.106695,71406.375,1.2125188,0.08167561,-0.085675575
10.106695,66877.65,1.2010199,0.08327352,-0.08502171
10.106695,62186.86,1.1815169,0.08522497,-0.083972774
10.106695,57379.188,1.111443,0.088065214,-0.07984932
10.106695,52500.93,0.9712303,0.0972416,-0.077242434
10.106695,47599.07,0.8919687,0.105601504,-0.078593425
10.106695,42720.812,0.7995225,0.113389045,-0.08089512
10.106695,37913.14,0.6887333,0.121101655,-0.08346371
10.106695,33222.35,0.6337271,0.12229587,-0.08448687
10.106695,28693.623,0.6050327,0.12101929,-0.08094714
10.106695,24370.568,0.5524092,0.11683493,-0.06991375
10.106695,20294.82,0.5250711,0.11467506,-0.06293339
10.106695,16505.63,0.52248013,0.11511825,-0.060443576
10.106695,13039.491,0.52127683,0.11614983,-0.05793871
10.106695,9929.784,0.5192712,0.1180321,-0.05520529
10.106695,7206.456,0.5169978,0.121177934,-0.05201875
10.106695,4895.735,0.5159076,0.12636793,-0.048210386
10.106695,3019.874,0.5161883,0.13496105,-0.04376677
10.106695,1596.9388,0.5178652,0.15257725,-0.03922227
10.106695,640.6333,0.49748617,0.19490358,-0.032375474
10.106695,160.16696,0.5436285,0.34604192,-0.0372465
7.2894053,99939.836,1.01777,0.056694344,-0.09659692
7.2894053,99459.37,1.0174295,0.056757104,-0.09659385
7.2894053,98503.06,1.0167218,0.056884546,-0.09658669
7.2894053,97080.125,1.0155915,0.057080768,-0.09657289
7.2894053,95204.266,1.0139477,0.057352513,-0.096548446
7.2894053,92893.55,1.0116453,0.057709426,-0.096506245
7.2894053,90170.22,1.0084673,0.058164854,-0.09643381
7.2894053,87060.51,1.0040747,0.05873535,-0.096306704
7.2894053,83594.37,0.9979522,0.05944094,-0.09607994
7.2894053,79805.18,0.98936075,0.060307126,-0.09568165
7.2894053,75729.43,0.9773348,0.061377805,-0.09503554
7.2894053,71406.375,0.96011287,0.062746696,-0.094080456
7.2894053,66877.65,0.93148696,0.06459806,-0.092460565
7.2894053,62186.86,0.88200897,0.06734767,-0.08969677
7.2894053,57379.188,0.82493067,0.07127481,-0.08715393
7.2894053,52500.93,0.772436,0.07600399,-0.085846566
7.2894053,47599.07,0.7200903,0.08081809,-0.08509204
7.2894053,42720.812,0.665764,0.084729895,-0.084883794
7.2894053,37913.14,0.575442,0.08680711,-0.08132439
7.2894053,33222.35,0.41076273,0.082492344,-0.05778775
7.2894053,28693.623,0.4136894,0.08211347,-0.05727035
7.2894053,24370.568,0.4140159,0.082715966,-0.05619527
7.2894053,20294.82,0.41105807,0.08363195,-0.054300144
7.2894053,16505.63,0.40825358,0.084823914,-0.05223162
7.2894053,13039.491,0.40496826,0.086469956,-0.049860336
7.2894053,9929.784,0.40170798,0.089023165,-0.04717647
7.2894053,7206.456,0.39911607,0.09303739,-0.044104252
7.2894053,4895.735,0.3971802,0.09933023,-0.040777773
7.2894053,3019.874,0.39459145,0.10960845,-0.03742912
7.2894053,1596.9388,0.38944265,0.12963296,-0.03425192
7.2894053,640.6333,0.3761767,0.17440994,-0.030376766
7.2894053,160.16696,0.40595704,0.33410165,-0.035669807
4.401914,99939.836,0.7649355,0.038685024,-0.102258824
4.401914,99459.37,0.7644848,0.038751338,-0.10225432
4.401914,98503.06,0.76353794,0.03888585,-0.102239914
4.401914,97080.125,0.7619962,0.039092496,-0.102203205
4.401914,95204.266,0.7596943,0.039377585,-0.10212349
4.401914,92893.55,0.7563806,0.039750487,-0.10196981
4.401914,90170.22,0.75170994,0.040225618,-0.10170237
4.401914,87060.51,0.7452633,0.040826224,-0.10128446
4.401914,83594.37,0.73659515,0.04158974,-0.10070141
4.401914,79805.18,0.7251351,0.042569395,-0.09995324
4.401914,75729.43,0.7095281,0.04381858,-0.09892155
4.401914,71406.375,0.6875181,0.04537907,-0.09730705
4.401914,66877.65,0.6590949,0.047293868,-0.09518045
4.401914,62186.86,0.6274892,0.049576417,-0.09313609
4.401914,57379.188,0.5949456,0.052132934,-0.0913109
4.401914,52500.93,0.5612726,0.05472995,-0.089301385
4.401914,47599.07,0.5247441,0.057196412,-0.086830385
4.401914,42720.812,0.48313692,0.059425835,-0.08370109
4.401914,37913.14,0.43186703,0.061018914,-0.0792531
4.401914,33222.35,0.333871,0.0593306,-0.0645345
4.401914,28693.623,0.26397127,0.05777227,-0.051155355
4.401914,24370.568,0.26587522,0.058746867,-0.05027991
4.401914,20294.82,0.26479742,0.05988998,-0.048589937
4.401914,16505.63,0.26375395,0.061423115,-0.046819527
4.401914,13039.491,0.26208827,0.06364032,-0.044902828
4.401914,9929.784,0.25938803,0.06684464,-0.04275875
4.401914,7206.456,0.25546682,0.071515255,-0.040346283
4.401914,4895.735,0.25134557,0.07867494,-0.037813917
4.401914,3019.874,0.24746332,0.09038358,-0.035264693
4.401914,1596.9388,0.24246767,0.11213968,-0.03306791
4.401914,640.6333,0.23496889,0.15944943,-0.031697895
4.401914,160.16696,0.2546267,0.32518476,-0.037147272
1.4720303,99939.836,0.4815839,0.026490495,-0.1022045
1.4720303,99459.37,0.4807742,0.026569812,-0.102127366
1.4720303,98503.06,0.4791127,0.026730653,-0.10196791
1.4720303,97080.125,0.4765065,0.026977072,-0.101715
1.4720303,95204.266,0.47280285,0.027314577,-0.10134945
1.4720303,92893.55,0.46777183,0.02774893,-0.10084085
1.4720303,90170.22,0.46110377,0.028284928,-0.100147426
1.4720303,87060.51,0.4524517,0.02892604,-0.099223144
1.4720303,83594.37,0.4415357,0.029676642,-0.098039515
1.4720303,79805.18,0.42823625,0.030546525,-0.09660244
1.4720303,75729.43,0.41256455,0.031550694,-0.09494331
1.4720303,71406.375,0.39452788,0.03269673,-0.09308621
1.4720303,66877.65,0.3739624,0.033975307,-0.091005534
1.4720303,62186.86,0.35049734,0.035366792,-0.08857867
1.4720303,57379.188,0.32349616,0.036831,-0.08555328
1.4720303,52500.93,0.2916169,0.038301233,-0.08157231
1.4720303,47599.07,0.25415358,0.039647214,-0.07644887
1.4720303,42720.812,0.2128224,0.04045526,-0.07024012
1.4720303,37913.14,0.14813127,0.040252894,-0.058546904
1.4720303,33222.35,0.09908475,0.04001366,-0.04864626
1.4720303,28693.623,0.1001419,0.040735546,-0.04785294
1.4720303,24370.568,0.09918217,0.0418064,-0.0465972
1.4720303,20294.82,0.09816897,0.04326395,-0.04535332
1.4720303,16505.63,0.09693349,0.045233555,-0.044062454
1.4720303,13039.491,0.094789535,0.04792629,-0.04259959
1.4720303,9929.784,0.09154733,0.051664222,-0.04090972
1.4720303,7206.456,0.08796123,0.056973986,-0.03909817
1.4720303,4895.735,0.085378274,0.06492645,-0.037407316
1.4720303,3019.874,0.08236363,0.07771575,-0.035865434
1.4720303,1596.9388,0.077896364,0.10117035,-0.034350377
1.4720303,640.6333,0.08446672,0.15273495,-0.034850072
1.4720303,160.16696,0.09080987,0.32125545,-0.036632523
-1.4720303,99939.836,0.1488105,0.023225997,-0.092905805
-1.4720303,99459.37,0.14783557,0.023296254,-0.0927726
-1.4720303,98503.06,0.1458724,0.023437532,-0.09250507
-1.4720303,97080.125,0.14289227,0.02365125,-0.09209984
-1.4720303,95204.266,0.13884473,0.023939712,-0.09155058
-1.4720303,92893.55,0.13364783,0.024306174,-0.090846024
-1.4720303,90170.22,0.1271728,0.024755191,-0.08996635
-1.4720303,87060.51,0.11922025,0.025292994,-0.08887866
-1.4720303,83594.37,0.10949684,0.025927886,-0.0875311
-1.4720303,79805.18,0.097599365,0.026670547,-0.085849896
-1.4720303,75729.43,0.08303297,0.027533554,-0.0837416
-1.4720303,71406.375,0.06532306,0.028528284,-0.081114285
-1.4720303,66877.65,0.044250526,0.02965262,-0.07792007
-1.4720303,62186.86,0.019900493,0.030857395,-0.07413812
-1.4720303,57379.188,-0.009537816,0.032018773,-0.06925075
-1.4720303,52500.93,-0.051189926,0.033071976,-0.061503675
-1.4720303,47599.07,-0.09084504,0.033934724,-0.05349164
-1.4720303,42720.812,-0.09914861,0.034648985,-0.051145084
-1.4720303,37913.14,-0.1002561,0.035495915,-0.04990479
-1.4720303,33222.35,-0.10489486,0.036517177,-0.0476943
-1.4720303,28693.623,-0.112429574,0.037808746,-0.04444047
-1.4720303,24370.568,-0.12299075,0.039421022,-0.03941024
-1.4720303,20294.82,-0.14773625,0.04110859,-0.028637514
-1.4720303,16505.63,-0.1678005,0.04215242,-0.015993416
-1.4720303,13039.491,-0.13175105,0.043012604,-0.022120887
-1.4720303,9929.784,-0.12453919,0.046267748,-0.026724603
-1.4720303,7206.456,-0.11210009,0.05144281,-0.032737613
-1.4720303,4895.735,-0.104112,0.060105596,-0.035144478
-1.4720303,3019.874,-0.09564355,0.07382939,-0.03624912
-1.4720303,1596.9388,-0.08557318,0.098860115,-0.037028097
-1.4720303,640.6333,-0.07074705,0.15459253,-0.03749256
-1.4720303,160.16696,-0.06533062,0.3282298,-0.03497342
-4.401914,99939.836,-0.20167996,0.029465098,-0.07372474
-4.401914,99459.37,-0.20289633,0.029578278,-0.073511176
-4.401914,98503.06,-0.20534858,0.029807262,-0.07307964
-4.401914,97080.125,-0.20907931,0.030157236,-0.072420344
-4.401914,95204.266,-0.21417202,0.030636283,-0.07151335
-4.401914,92893.55,-0.22079809,0.03125603,-0.070317455
-4.401914,90170.22,-0.22933976,0.032033943,-0.06874335
-4.401914,87060.51,-0.24059297,0.032997902,-0.06661065
-4.401914,83594.37,-0.2558072,0.03418851,-0.063644566
-4.401914,79805.18,-0.27572373,0.035635103,-0.05968006
-4.401914,75729.43,-0.29811993,0.037276596,-0.055159647
-4.401914,71406.375,-0.31657037,0.03889852,-0.051368628
-4.401914,66877.65,-0.3257269,0.040321518,-0.049375184
-4.401914,62186.86,-0.3278661,0.04167899,-0.04869021
-4.401914,57379.188,-0.32809994,0.043226156,-0.04820085
-4.401914,52500.93,-0.32888606,0.04508383,-0.047343068
-4.401914,47599.07,-0.3308893,0.04727308,-0.045971747
-4.401914,42720.812,-0.33456236,0.04987126,-0.043907177
-4.401914,37913.14,-0.339792,0.052994903,-0.040871665
-4.401914,33222.35,-0.34623083,0.056693684,-0.036677767
-4.401914,28693.623,-0.35531613,0.060877528,-0.03081337
-4.401914,24370.568,-0.36870185,0.06512894,-0.02279864
-4.401914,20294.82,-0.38553953,0.06914415,-0.011934583
-4.401914,16505.63,-0.4000194,0.07340546,0.0025163786
-4.401914,13039.491,-0.3840289,0.077215455,0.017026477
-4.401914,9929.784,-0.15528837,0.07085828,-0.007499859
-4.401914,7206.456,-0.012042221,0.06776504,-0.042510655
-4.401914,4895.735,-0.043104105,0.074949875,-0.043193564
-4.401914,3019.874,-0.08983987,0.0865056,-0.04292438
-4.401914,1596.9388,-0.14898203,0.10892791,-0.040813185
-4.401914,640.6333,-0.19660306,0.1588844,-0.03926445
-4.401914,160.16696,-0.2049085,0.33192983,-0.035556395
-7.2894053,99939.836,-0.47559902,0.088658646,-0.024739388
-7.2894053,99459.37,-0.47466475,0.08883066,-0.024526315
-7.2894053,98503.06,-0.47284624,0.089159705,-0.024113812
-7.2894053,97080.125,-0.47025716,0.08961643,-0.023524504
-7.2894053,95204.266,-0.46708578,0.0901608,-0.022782965
-7.2894053,92893.55,-0.46357614,0.090749234,-0.021910775
-7.2894053,90170.22,-0.45996425,0.09134663,-0.020925362
-7.2894053,87060.51,-0.45641392,0.09193428,-0.019844731
-7.2894053,83594.37,-0.45296633,0.092506,-0.018692072
-7.2894053,79805.18,-0.4494656,0.09306908,-0.017495701
-7.2894053,75729.43,-0.4455185,0.09365404,-0.016283378
-7.2894053,71406.375,-0.4405415,0.09430568,-0.015077446
-7.2894053,66877.65,-0.4339542,0.09504875,-0.013876881
-7.2894053,62186.86,-0.42539427,0.09586412,-0.012638975
-7.2894053,57379.188,-0.41457224,0.09667746,-0.011343078
-7.2894053,52500.93,-0.40083852,0.09730444,-0.010043373
-7.2894053,47599.07,-0.38196662,0.09748585,-0.008710808
-7.2894053,42720.812,-0.353481,0.09713312,-0.0075055026
-7.2894053,37913.14,-0.31416625,0.09614143,-0.006346832
-7.2894053,33222.35,-0.25628114,0.09423317,-0.0051531396
-7.2894053,28693.623,-0.14474426,0.08478296,-0.0122863
-7.2894053,24370.568,-0.004658908,0.07263738,-0.042280387
-7.2894053,20294.82,-0.013842138,0.07461314,-0.04112249
-7.2894053,16505.63,-0.015506715,0.07688364,-0.04155829
-7.2894053,13039.491,-0.0746827,0.084241204,-0.030045133
-7.2894053,9929.784,-0.03846288,0.084133,-0.040200066
-7.2894053,7206.456,-0.040887266,0.08819234,-0.042798247
-7.2894053,4895.735,-0.059482787,0.095347725,-0.04330666
-7.2894053,3019.874,-0.089635625,0.10703027,-0.04389374
-7.2894053,1596.9388,-0.13475117,0.12904045,-0.044600215
-7.2894053,640.6333,-0.24095014,0.17304833,-0.0419593
-7.2894053,160.16696,-0.3346867,0.34763488,-0.034214802
-10.106695,99939.836,-0.34464833,0.11275634,-0.03705379
-10.106695,99459.37,-0.34455073,0.11281702,-0.037027627
-10.106695,98503.06,-0.34435776,0.112938724,-0.036974408
-10.106695,97080.125,-0.3440691,0.11312254,-0.036892254
-10.106695,95204.266,-0.34368557,0.11336971,-0.03677872
-10.106695,92893.55,-0.3432051,0.11368269,-0.036630392
-10.106695,90170.22,-0.342618,0.11406453,-0.03644394
-10.106695,87060.51,-0.3419056,0.1145199,-0.03621596
-10.106695,83594.37,-0.34103018,0.11505623,-0.035943452
-10.106695,79805.18,-0.33994073,0.115682475,-0.035622954
-10.106695,75729.43,-0.33861575,0.116400324,-0.03524812
-10.106695,71406.375,-0.33709306,0.1171951,-0.034806676
-10.106695,66877.65,-0.33540335,0.11804619,-0.03427773
-10.106695,62186.86,-0.33346924,0.11894395,-0.033624623
-10.106695,57379.188,-0.33134994,0.119906016,-0.032761473
-10.106695,52500.93,-0.32948592,0.12090348,-0.031543206
-10.106695,47599.07,-0.3278056,0.12188879,-0.029927338
-10.106695,42720.812,-0.32565165,0.123026006,-0.027848948
-10.106695,37913.14,-0.32246128,0.12431364,-0.025249101
-10.106695,33222.35,-0.31649143,0.1254182,-0.02190383
-10.106695,28693.623,-0.3036187,0.1262832,-0.017737152
-10.106695,24370.568,-0.27980328,0.12565823,-0.01244156
-10.106695,20294.82,-0.22313955,0.12046283,-0.01100019
-10.106695,16505.63,-0.094902605,0.102577336,-0.03597795
-10.106695,13039.491,-0.09953195,0.10488298,-0.036002375
-10.106695,9929.784,-0.10444382,0.1077086,-0.036606804
-10.106695,7206.456,-0.11292524,0.11145304,-0.037031803
-10.106695,4895.735,-0.12609471,0.11730988,-0.037436154
-10.106695,3019.874,-0.14819868,0.12764473,-0.03810813
-10.106695,1596.9388,-0.18274681,0.14853777,-0.03938347
-10.106695,640.6333,-0.27751482,0.19141434,-0.039031833
-10.106695,160.16696,-0.4268406,0.36168703,-0.03340414
-12.826653,99939.836,-0.36269283,0.14392076,-0.033560883
-12.826653,99459.37,-0.3626931,0.14396976,-0.033541884
-12.826653,98503.06,-0.36269858,0.14406815,-0.033503022
-12.826653,97080.125,-0.36271593,0.14421715,-0.033442587
-12.826653,95204.266,-0.36275995,0.14441845,-0.033358213
-12.826653,92893.55,-0.36284646,0.14467455,-0.033245962
-12.826653,90170.22,-0.36299527,0.1449887,-0.03310116
-12.826653,87060.51,-0.3632248,0.14536552,-0.03291768
-12.826653,83594.37,-0.36354452,0.1458111,-0.032688346
-12.826653,79805.18,-0.36395144,0.14633128,-0.032404408
-12.826653,75729.43,-0.36444882,0.14692539,-0.03205563
-12.826653,71406.375,-0.36506525,0.1475816,-0.031633385
-12.826653,66877.65,-0.36582845,0.14829673,-0.031132868
-12.826653,62186.86,-0.3666595,0.14910926,-0.030551637
-12.826653,57379.188,-0.3673697,0.15008797,-0.029880641
-12.826653,52500.93,-0.36809114,0.1511791,-0.029088246
-12.826653,47599.07,-0.3687998,0.15229051,-0.02812912
-12.826653,42720.812,-0.36896557,0.15349436,-0.026931323
-12.826653,37913.14,-0.36842313,0.1547932,-0.025301563
-12.826653,33222.35,-0.36685175,0.1562527,-0.023101617
-12.826653,28693.623,-0.3643625,0.15784594,-0.020311166
-12.826653,24370.568,-0.35796863,0.15914014,-0.016819272
-12.826653,20294.82,-0.34160984,0.16009164,-0.012381524
-12.826653,16505.63,-0.31705123,0.15632108,-0.005395367
-12.826653,13039.491,-0.1920704,0.13364927,-0.024565868
-12.826653,9929.784,-0.19363001,0.13447249,-0.026197772
-12.826653,7206.456,-0.20049903,0.13724057,-0.02678469
-12.826653,4895.735,-0.2110298,0.14155404,-0.027237602
-12.826653,3019.874,-0.22866265,0.14997493,-0.02804502
-12.826653,1596.9388,-0.25515115,0.16886196,-0.029741053
-12.826653,640.6333,-0.33417264,0.21049607,-0.03132672
-12.826653,160.16696,-0.48956382,0.37566683,-0.030686406
-15.423082,99939.836,-0.42012212,0.17455503,-0.021786533
-15.423082,99459.37,-0.4200983,0.17459545,-0.02178052
-15.423082,98503.06,-0.42005208,0.1746773,-0.021768374
-15.423082,97080.125,-0.41998354,0.17480135,-0.021750312
-15.423082,95204.266,-0.41989818,0.17496975,-0.021725845
-15.423082,92893.55,-0.4198059,0.17518426,-0.021694161
-15.423082,90170.22,-0.41972172,0.17544684,-0.0216534
-15.423082,87060.51,-0.41967964,0.17575896,-0.02159993
-15.423082,83594.37,-0.41972718,0.17612159,-0.02152766
-15.423082,79805.18,-0.41992798,0.17653604,-0.021428738
-15.423082,75729.43,-0.42034286,0.17700624,-0.021294095
-15.423082,71406.375,-0.42101344,0.17754048,-0.021114986
-15.423082,66877.65,-0.42193738,0.17815447,-0.020882435
-15.423082,62186.86,-0.42304417,0.17887549,-0.020583633
-15.423082,57379.188,-0.42424485,0.17971678,-0.02019998
-15.423082,52500.93,-0.42560795,0.18061964,-0.0197166
-15.423082,47599.07,-0.4270925,0.181605,-0.019130783
-15.423082,42720.812,-0.42822543,0.18287314,-0.0184327
-15.423082,37913.14,-0.42925215,0.18424888,-0.01756426
-15.423082,33222.35,-0.42978776,0.18556641,-0.016415356
-15.423082,28693.623,-0.4301517,0.18695022,-0.014592986
-15.423082,24370.568,-0.4302965,0.18858963,-0.011846054
-15.423082,20294.82,-0.42810598,0.18983126,-0.008281752
-15.423082,16505.63,-0.41770172,0.19092982,-0.003288149
-15.423082,13039.491,-0.4016132,0.1869238,0.005046205
-15.423082,9929.784,-0.28817424,0.16215636,-0.013191937
-15.423082,7206.456,-0.29413414,0.16357012,-0.013727142
-15.423082,4895.735,-0.30297166,0.1667137,-0.014415244
-15.423082,3019.874,-0.31720653,0.17340569,-0.015347954
-15.423082,1596.9388,-0.33358994,0.18978986,-0.017671049
-15.423082,640.6333,-0.40338433,0.231012,-0.019467622
-15.423082,160.16696,-0.52025646,0.38810864,-0.025951585
-17.87098,99939.836,-0.49261314,0.20226051,-0.0075622764
-17.87098,99459.37,-0.49259987,0.20228894,-0.007559398
-17.87098,98503.06,-0.49257153,0.2023463,-0.0075537264
-17.87098,97080.125,-0.49252284,0.20243382,-0.007545997
-17.87098,95204.266,-0.49244583,0.20255293,-0.0075368825
-17.87098,92893.55,-0.4923342,0.20270585,-0.0075273192
-17.87098,90170.22,-0.4921796,0.20289509,-0.0075182808
-17.87098,87060.51,-0.4919791,0.20312285,-0.0075105927
-17.87098,83594.37,-0.4917404,0.20339163,-0.007503726
-17.87098,79805.18,-0.49149272,0.20370492,-0.0074956547
-17.87098,75729.43,-0.49129605,0.20406802,-0.007479708
-17.87098,71406.375,-0.49124435,0.20448935,-0.007443599
-17.87098,66877.65,-0.4914612,0.20497899,-0.007367596
-17.87098,62186.86,-0.49203187,0.20555046,-0.007232869
-17.87098,57379.188,-0.49293298,0.2062291,-0.007034502
-17.87098,52500.93,-0.4940502,0.20705435,-0.0067746113
-17.87098,47599.07,-0.49521822,0.20808148,-0.006445176
-17.87098,42720.812,-0.49643075,0.20924443,-0.006035508
-17.87098,37913.14,-0.49786818,0.21038926,-0.0055671236
-17.87098,33222.35,-0.49892566,0.21181951,-0.0050194087
-17.87098,28693.623,-0.50003594,0.2132042,-0.0041434118
-17.87098,24370.568,-0.5011392,0.21462195,-0.0025321564
-17.87098,20294.82,-0.50275856,0.21645704,0.00029213872
-17.87098,16505.63,-0.50506914,0.21820974,0.004691819
-17.87098,13039.491,-0.5047458,0.21998239,0.011710999
-17.87098,9929.784,-0.47132516,0.21242252,0.018762263
-17.87098,7206.456,-0.38657698,0.18957995,0.00056363706
-17.87098,4895.735,-0.39411625,0.19143558,-0.00014268851
-17.87098,3019.874,-0.40539375,0.19656554,-0.0013328737
-17.87098,1596.9388,-0.41161287,0.21039027,-0.004583382
-17.87098,640.6333,-0.47770414,0.2499653,-0.0055309385
-17.87098,160.16696,-0.540638,0.40186095,-0.018334297
-20.146769,99939.836,-0.5640075,0.2273864,0.0074531804
-20.146769,99459.37,-0.56400496,0.22740044,0.0074517415
-20.146769,98503.06,-0.5639986,0.22742918,0.007448597
-20.146769,97080.125,-0.5639851,0.22747292,0.00744314
-20.146769,95204.266,-0.5639589,0.22753276,0.0074346834
-20.146769,92893.55,-0.56391305,0.22761041,0.0074222838
-20.146769,90170.22,-0.56384146,0.22770837,0.0074048233
-20.146769,87060.51,-0.5637394,0.2278297,0.0073820506
-20.146769,83594.37,-0.5636125,0.22797774,0.0073553943
-20.146769,79805.18,-0.5634787,0.22815692,0.0073289066
-20.146769,75729.43,-0.56337434,0.228374,0.0073103337
-20.146769,71406.375,-0.5633504,0.22864066,0.007310485
-20.146769,66877.65,-0.56347907,0.22897823,0.0073415795
-20.146769,62186.86,-0.5638309,0.22941664,0.007414782
-20.146769,57379.188,-0.5644514,0.229987,0.0075384025
-20.146769,52500.93,-0.565349,0.23070633,0.0077181724
-20.146769,47599.07,-0.566451,0.23159385,0.0079411445
-20.146769,42720.812,-0.56763273,0.23268472,0.008178124
-20.146769,37913.14,-0.5687385,0.23399885,0.00841433
-20.146769,33222.35,-0.56988055,0.23527306,0.008649374
-20.146769,28693.623,-0.57063633,0.23668398,0.008947738
-20.146769,24370.568,-0.57123804,0.23813137,0.009689961
-20.146769,20294.82,-0.572455,0.23980404,0.01139052
-20.146769,16505.63,-0.5765517,0.2425933,0.014672601
-20.146769,13039.491,-0.5844492,0.24558403,0.020592416
-20.146769,9929.784,-0.58318007,0.24633251,0.029596904
-20.146769,7206.456,-0.4715911,0.21551932,0.015663097
-20.146769,4895.735,-0.47774714,0.21561593,0.014705163
-20.146769,3019.874,-0.48739704,0.21913214,0.013233665
-20.146769,1596.9388,-0.49064192,0.23066749,0.009641545
-20.146769,640.6333,-0.55079186,0.26789787,0.008917287
-20.146769,160.16696,-0.5700245,0.41854045,-0.00794878
-22.228535,99939.836,-0.6319775,0.2505483,0.022826012
-22.228535,99459.37,-0.63197964,0.25055218,0.022820124
-22.228535,98503.06,-0.63198125,0.25056022,0.022807809
-22.228535,97080.125,-0.631975,0.25057238,0.022788147
-22.228535,95204.266,-0.63195264,0.25058863,0.022759989
-22.228535,92893.55,-0.6319014,0.25060922,0.02272131
-22.228535,90170.22,-0.6318108,0.250634,0.022670351
-22.228535,87060.51,-0.63167226,0.25066373,0.02260572
-22.228535,83594.37,-0.6314907,0.25070027,0.022527948
-22.228535,79805.18,-0.6312874,0.2507476,0.02244082
-22.228535,75729.43,-0.6311059,0.2508148,0.022352906
-22.228535,71406.375,-0.631011,0.25091532,0.022277435
-22.228535,66877.65,-0.63107437,0.2510699,0.022230223
-22.228535,62186.86,-0.631364,0.2513119,0.022228666
-22.228535,57379.188,-0.6319231,0.25168908,0.022285435
-22.228535,52500.93,-0.63271445,0.2522521,0.022396307
-22.228535,47599.07,-0.63364065,0.25302514,0.022542728
-22.228535,42720.812,-0.6346641,0.25399545,0.022702899
-22.228535,37913.14,-0.6357087,0.2551761,0.022822393
-22.228535,33222.35,-0.6365632,0.25662518,0.022873957
-22.228535,28693.623,-0.63727665,0.25805745,0.022934886
-22.228535,24370.568,-0.6375035,0.2596268,0.023169069
-22.228535,20294.82,-0.6380576,0.2613471,0.024109699
-22.228535,16505.63,-0.6413504,0.2639622,0.026245816
-22.228535,13039.491,-0.65005314,0.26800156,0.030614816
-22.228535,9929.784,-0.6609729,0.2721097,0.03872561
-22.228535,7206.456,-0.62044054,0.26254997,0.04567966
-22.228535,4895.735,-0.55282617,0.23858865,0.029594872
-22.228535,3019.874,-0.5612411,0.24082308,0.027945522
-22.228535,1596.9388,-0.5674314,0.25054628,0.024474034
-22.228535,640.6333,-0.61876094,0.28558272,0.023142759
-22.228535,160.16696,-0.5984344,0.4338315,0.0030401882
-24.096226,99939.836,-0.6930929,0.27135983,0.03735911
-24.096226,99459.37,-0.69310963,0.27135798,0.037352473
-24.096226,98503.06,-0.69314104,0.27135423,0.03733852
-24.096226,97080.125,-0.6931781,0.2713477,0.03731595
-24.096226,95204.266,-0.69320846,0.27133808,0.03728255
-24.096226,92893.55,-0.6932143,0.27132484,0.03723556
-24.096226,90170.22,-0.6931712,0.27130854,0.037171125
-24.096226,87060.51,-0.6930524,0.27128974,0.037085768
-24.096226,83594.37,-0.69284225,0.27126926,0.03697733
-24.096226,79805.18,-0.69255143,0.2712485,0.036847983
-24.096226,75729.43,-0.69223803,0.2712292,0.036706638
-24.096226,71406.375,-0.69199616,0.27122,0.036569286
-24.096226,66877.65,-0.69191974,0.271241,0.03645436
-24.096226,62186.86,-0.69207937,0.27132654,0.036378074
-24.096226,57379.188,-0.69252,0.2715261,0.0363559
-24.096226,52500.93,-0.6932242,0.2719024,0.03639767
-24.096226,47599.07,-0.6940571,0.2725106,0.036488414
-24.096226,42720.812,-0.6948544,0.27336848,0.036588214
-24.096226,37913.14,-0.6956272,0.2744474,0.036654335
-24.096226,33222.35,-0.6963612,0.27578473,0.036628157
-24.096226,28693.623,-0.6968652,0.27744016,0.036560565
-24.096226,24370.568,-0.6973214,0.27899405,0.036599044
-24.096226,20294.82,-0.69775796,0.281002,0.03704787
-24.096226,16505.63,-0.69977057,0.28344432,0.03845618
-24.096226,13039.491,-0.70669526,0.28746748,0.041565448
-24.096226,9929.784,-0.7205914,0.29252574,0.048432667
-24.096226,7206.456,-0.70644104,0.29008526,0.05821548
-24.096226,4895.735,-0.6200657,0.25976536,0.044071097
-24.096226,3019.874,-0.6263848,0.2606895,0.042255193
-24.096226,1596.9388,-0.63562727,0.26900652,0.038851008
-24.096226,640.6333,-0.6793642,0.30273193,0.036645494
-24.096226,160.16696,-0.6206543,0.4462097,0.013235288
-25.73186,99939.836,-0.7447198,0.28934142,0.050224874
-25.73186,99459.37,-0.7447416,0.2893402,0.050218344
-25.73186,98503.06,-0.7447841,0.28933722,0.050204784
-25.73186,97080.125,-0.74484044,0.28933135,0.050182942
-25.73186,95204.266,-0.7448996,0.28932023,0.050150394
-25.73186,92893.55,-0.7449482,0.28930295,0.05010397
-25.73186,90170.22,-0.74496305,0.28927737,0.050039947
-25.73186,87060.51,-0.74491614,0.28924283,0.04995309
-25.73186,83594.37,-0.7447786,0.28920045,0.049839634
-25.73186,79805.18,-0.74453765,0.28915262,0.0496979
-25.73186,75729.43,-0.7442201,0.28910285,0.04953346
-25.73186,71406.375,-0.7439182,0.28905532,0.049361214
-25.73186,66877.65,-0.7437597,0.28901732,0.04920352
-25.73186,62186.86,-0.7438415,0.28901288,0.049079847
-25.73186,57379.188,-0.744193,0.28908888,0.04900279
-25.73186,52500.93,-0.7448062,0.28931004,0.048981782
-25.73186,47599.07,-0.7455924,0.28974372,0.04901889
-25.73186,42720.812,-0.74634737,0.29043743,0.04908404
-25.73186,37913.14,-0.74693376,0.29139924,0.049112376
-25.73186,33222.35,-0.74745804,0.2926148,0.049053967
-25.73186,28693.623,-0.74793726,0.2941882,0.048918277
-25.73186,24370.568,-0.7483929,0.29599586,0.04885027
-25.73186,20294.82,-0.7490865,0.29795784,0.049025215
-25.73186,16505.63,-0.75072694,0.30050027,0.049952257
-25.73186,13039.491,-0.75607276,0.3040258,0.052227497
-25.73186,9929.784,-0.76939094,0.30956602,0.05773278
-25.73186,7206.456,-0.7729212,0.3126857,0.06812945
-25.73186,4895.735,-0.67772114,0.2790375,0.057162262
-25.73186,3019.874,-0.68179,0.27806517,0.05513319
-25.73186,1596.9388,-0.6917006,0.28507182,0.051666107
-25.73186,640.6333,-0.7313697,0.3183111,0.04885366
-25.73186,160.16696,-0.6372295,0.4561046,0.022037096
-27.119678,99939.836,-0.7865225,0.30416238,0.06107353
-27.119678,99459.37,-0.78654397,0.30416363,0.061066497
-27.119678,98503.06,-0.78658503,0.30416498,0.061052117
-27.119678,97080.125,-0.7866406,0.3041665,0.061029177
-27.119678,95204.266,-0.786702,0.30416566,0.060995884
-27.119678,92893.55,-0.7867568,0.3041609,0.06094968
-27.119678,90170.22,-0.7867887,0.3041492,0.060886983
-27.119678,87060.51,-0.7867763,0.30412874,0.060802996
-27.119678,83594.37,-0.78669864,0.30409658,0.060693145
-27.119678,79805.18,-0.7865421,0.30405235,0.060554694
-27.119678,75729.43,-0.78631896,0.30399883,0.06038941
-27.119678,71406.375,-0.7860822,0.30394223,0.060207035
-27.119678,66877.65,-0.7859312,0.30389073,0.06002663
-27.119678,62186.86,-0.7859764,0.3038555,0.05987005
-27.119678,57379.188,-0.7862686,0.3038665,0.059752814
-27.119678,52500.93,-0.7867883,0.3039842,0.059682455
-27.119678,47599.07,-0.7874885,0.3042809,0.05966459
-27.119678,42720.812,-0.7882201,0.30481875,0.059687894
-27.119678,37913.14,-0.78876525,0.3056376,0.059689198
-27.119678,33222.35,-0.7891215,0.30673483,0.05959848
-27.119678,28693.623,-0.7894995,0.3081561,0.05942553
-27.119678,24370.568,-0.79003155,0.3100458,0.059276097
-27.119678,20294.82,-0.79102814,0.3120193,0.059315007
-27.119678,16505.63,-0.7925259,0.31465322,0.05989195
-27.119678,13039.491,-0.79655343,0.31793997,0.06166114
-27.119678,9929.784,-0.80813926,0.32347837,0.06614624
-27.119678,7206.456,-0.82156503,0.32899958,0.07610458
-27.119678,4895.735,-0.7323842,0.29940513,0.07007524
-27.119678,3019.874,-0.72692823,0.29267028,0.06597967
-27.119678,1596.9388,-0.7362209,0.29839116,0.062406696
-27.119678,640.6333,-0.7736017,0.33163804,0.059167545
-27.119678,160.16696,-0.6504435,0.46475458,0.029162077
-28.246323,99939.836,-0.818854,0.31576905,0.06974821
-28.246323,99459.37,-0.8188733,0.31577176,0.06974014
-28.246323,98503.06,-0.81891006,0.31577665,0.06972353
-28.246323,97080.125,-0.8189606,0.31578344,0.06969791
-28.246323,95204.266,-0.8190156,0.315791,0.06966173
-28.246323,92893.55,-0.8190673,0.31579822,0.06961323
-28.246323,90170.22,-0.81910044,0.31580278,0.06954937
-28.246323,87060.51,-0.8191005,0.31580213,0.069466606
-28.246323,83594.37,-0.8190555,0.31579232,0.06936077
-28.246323,79805.18,-0.81896085,0.31576854,0.06922881
-28.246323,75729.43,-0.81883043,0.31572825,0.06907039
-28.246323,71406.375,-0.8186985,0.31567457,0.06889088
-28.246323,66877.65,-0.81862545,0.31561926,0.0687034
-28.246323,62186.86,-0.81868553,0.31557605,0.06852622
-28.246323,57379.188,-0.8189413,0.3155628,0.06837754
-28.246323,52500.93,-0.819391,0.31562334,0.068268076
-28.246323,47599.07,-0.81999815,0.3158301,0.06820345
-28.246323,42720.812,-0.8206806,0.31625494,0.06818046
-28.246323,37913.14,-0.8212269,0.3169523,0.068150565
-28.246323,33222.35,-0.8215055,0.31794655,0.06803014
-28.246323,28693.623,-0.82175606,0.31924906,0.067824684
-28.246323,24370.568,-0.8223384,0.32106957,0.067617066
-28.246323,20294.82,-0.8234437,0.32317898,0.06757179
-28.246323,16505.63,-0.82495075,0.32574958,0.067926995
-28.246323,13039.491,-0.8281034,0.32898948,0.0693451
-28.246323,9929.784,-0.8383613,0.33428645,0.07314451
-28.246323,7206.456,-0.8557768,0.34081915,0.082488015
-28.246323,4895.735,-0.80373293,0.3254164,0.087103754
-28.246323,3019.874,-0.7619907,0.3043741,0.07460188
-28.246323,1596.9388,-0.77025884,0.30893093,0.070921615
-28.246323,640.6333,-0.80622923,0.34236997,0.06736025
-28.246323,160.16696,-0.66113466,0.47211525,0.03460026
-29.100937,99939.836,-0.8423394,0.32428077,0.07621173
-29.100937,99459.37,-0.84235656,0.324284,0.07620248
-29.100937,98503.06,-0.8423891,0.32429028,0.076183714
-29.100937,97080.125,-0.8424341,0.3242994,0.07615509
-29.100937,95204.266,-0.8424846,0.32431132,0.076115415
-29.100937,92893.55,-0.8425323,0.32432497,0.07606342
-29.100937,90170.22,-0.84256506,0.3243398,0.07599707
-29.100937,87060.51,-0.84257346,0.3243536,0.075913526
-29.100937,83594.37,-0.8425488,0.32436234,0.07580961
-29.100937,79805.18,-0.84249496,0.32435867,0.075682566
-29.100937,75729.43,-0.8424288,0.32433608,0.07553119
-29.100937,71406.375,-0.8423831,0.32429257,0.07535767
-29.100937,66877.65,-0.8423931,0.32423705,0.07516991
-29.100937,62186.86,-0.842499,0.32418892,0.07498192
-29.100937,57379.188,-0.8427441,0.3241671,0.07481099
-29.100937,52500.93,-0.8431471,0.32420146,0.07467114
-29.100937,47599.07,-0.843681,0.32435697,0.07457008
-29.100937,42720.812,-0.8442998,0.3247115,0.0745063
-29.100937,37913.14,-0.84483474,0.3253282,0.07444211
-29.100937,33222.35,-0.8450909,0.32624623,0.07429603
-29.100937,28693.623,-0.8452421,0.32747492,0.07406015
-29.100937,24370.568,-0.8457975,0.32920507,0.073812716
-29.100937,20294.82,-0.84694505,0.33141547,0.07370803
-29.100937,16505.63,-0.848558,0.33390272,0.07393923
-29.100937,13039.491,-0.8512541,0.33714613,0.075109944
-29.100937,9929.784,-0.8605658,0.3421747,0.07848196
-29.100937,7206.456,-0.87923735,0.34920788,0.08731063
-29.100937,4895.735,-0.84069,0.33885238,0.09585264
-29.100937,3019.874,-0.7875403,0.3131327,0.08098633
-29.100937,1596.9388,-0.79479903,0.3167451,0.077211566
-29.100937,640.6333,-0.82994694,0.35038126,0.07341957
-29.100937,160.16696,-0.66924495,0.47782865,0.03847435
-29.675295,99939.836,-0.85760254,0.32985365,0.08048732
-29.675295,99459.37,-0.85761815,0.32985666,0.080476925
-29.675295,98503.06,-0.8576476,0.32986316,0.08045647
-29.675295,97080.125,-0.8576881,0.32987273,0.08042537
-29.675295,95204.266,-0.857735,0.32988578,0.08038291
-29.675295,92893.55,-0.8577802,0.32990256,0.080328
-29.675295,90170.22,-0.85781497,0.32992232,0.08025929
-29.675295,87060.51,-0.8578296,0.32994398,0.08017426
-29.675295,83594.37,-0.8578204,0.32996354,0.0800708
-29.675295,79805.18,-0.85779226,0.32997343,0.07994651
-29.675295,75729.43,-0.8577667,0.32996473,0.07979974
-29.675295,71406.375,-0.8577742,0.3299312,0.07963114
-29.675295,66877.65,-0.8578439,0.3298786,0.07944519
-29.675295,62186.86,-0.85799605,0.32982734,0.07925243
-29.675295,57379.188,-0.8582474,0.32980117,0.07906772
-29.675295,52500.93,-0.8586212,0.32982576,0.07890722
-29.675295,47599.07,-0.85910624,0.32995597,0.07878067
-29.675295,42720.812,-0.8596685,0.3302721,0.078687236
-29.675295,37913.14,-0.86017895,0.33084273,0.07859458
-29.675295,33222.35,-0.8604279,0.33171368,0.078427784
-29.675295,28693.623,-0.86051726,0.33290064,0.07816863
-29.675295,24370.568,-0.8610219,0.33456656,0.07789499
-29.675295,20294.82,-0.8621884,0.33681396,0.07775147
-29.675295,16505.63,-0.8638981,0.33925843,0.077917136
-29.675295,13039.491,-0.8664114,0.342512,0.0789389
-29.675295,9929.784,-0.8751003,0.3473474,0.082045935
-29.675295,7206.456,-0.8941345,0.35465834,0.09048559
-29.675295,4895.735,-0.859386,0.34503502,0.099968314
-29.675295,3019.874,-0.8041822,0.3189509,0.085188195
-29.675295,1596.9388,-0.8106644,0.32190305,0.08134128
-29.675295,640.6333,-0.845387,0.35567755,0.07740293
-29.675295,160.16696,-0.67466855,0.48169342,0.040946998
-29.963863,99939.836,-0.8651108,0.33260795,0.0826121
-29.963863,99459.37,-0.8651253,0.332611,0.08260139
-29.963863,98503.06,-0.8651534,0.332617,0.082580075
-29.963863,97080.125,-0.8651919,0.33262676,0.08254758
-29.963863,95204.266,-0.8652375,0.33264002,0.08250365
-29.963863,92893.55,-0.86528134,0.33265755,0.08244713
-29.963863,90170.22,-0.8653175,0.33267942,0.08237691
-29.963863,87060.51,-0.8653359,0.33270445,0.08229107
-29.963863,83594.37,-0.8653346,0.33272868,0.08218755
-29.963863,79805.18,-0.86531967,0.33274502,0.08206436
-29.963863,75729.43,-0.86531395,0.3327432,0.08191986
-29.963863,71406.375,-0.86534816,0.33271575,0.08175365
-29.963863,66877.65,-0.8654473,0.33266586,0.08156908
-29.963863,62186.86,-0.86562437,0.33261335,0.08137443
-29.963863,57379.188,-0.8658849,0.3325854,0.0811836
-29.963863,52500.93,-0.86624575,0.33260658,0.08101264
-29.963863,47599.07,-0.8667049,0.33272696,0.080873124
-29.963863,42720.812,-0.8672354,0.33302644,0.080764174
-29.963863,37913.14,-0.8677269,0.3335763,0.08065532
-29.963863,33222.35,-0.86796945,0.33442512,0.08047641
-29.963863,28693.623,-0.86803246,0.33559355,0.080205254
-29.963863,24370.568,-0.8685019,0.3372279,0.07991836
-29.963863,20294.82,-0.869674,0.3394821,0.07975535
-29.963863,16505.63,-0.8714345,0.34191328,0.0798924
-29.963863,13039.491,-0.87388664,0.34517044,0.08084442
-29.963863,9929.784,-0.88227475,0.34991303,0.083823845
-29.963863,7206.456,-0.9013848,0.357339,0.09205718
-29.963863,4895.735,-0.8680778,0.3478675,0.10186392
-29.963863,3019.874,-0.81238097,0.32185125,0.08726992
-29.963863,1596.9388,-0.8184437,0.32446462,0.08338348
-29.963863,640.6333,-0.85299116,0.35830727,0.079374604
-29.963863,160.16696,-0.67738086,0.48363584,0.0421492
