stage,x,z,theta,phi,xdot,zdot,thetadot,t,x_wdot,z_wdot,v_w_safe,alpha_w,Re,CL_w,CD_w,CM_w,F_wx,F_wz,M_w,r_e_x,r_e_z,x_edot,z_edot,v_e_safe,q_e,alpha_e,Re_e,CL_e,CD_e,CM_e,F_ex,F_ez,M_e,tau_w,tau_e,tau_e_term_rxfz,tau_e_term_rzfx,tau_e_term_M,xddot,zddot,thetaddot
0,-8.5,0.0,0.0,0.0,6.0,0.5,0.0,0.01,6.0,0.5,6.020797289396231,-0.08314121809534006,4122.681207104742,-0.07005592337386433,0.07813858357537531,-0.04240508944664129,-0.2527611233912255,-0.2676780403827494,-0.001487610292559574,-0.28146057142857145,-0.0,6.0,0.5,6.020797289396231,22.203125000000618,-0.08314121809534006,4122.681207104742,-0.17578999859179692,0.06788851842255085,-0.020077284694258735,-0.020025945506837697,-0.0682513050741892,-7.57823384936284e-05,-0.0056471740812272814,0.01913426898843342,0.01921005132692705,-0.0,-7.57823384936284e-05,-4.196724136893279,-14.978143776260595,-43.16092481710083
1,-8.44,0.005,0.0,0.0,5.9580327586310675,0.35021856223739406,-0.43160924817100826,0.01,5.9580327586310675,0.3428812050184869,5.9678909066500925,-0.057485982157966485,4086.4540864429086,-0.09513065056014774,0.06930124870791535,-0.03964424041199941,-0.21962826140937888,-0.34106990287870326,-0.001366422587153827,-0.28146057142857145,-0.0,5.9580327586310675,0.4797013366886966,5.977312751173629,21.8835639817725,-0.08034006354239205,4092.90560099927,-0.17085766066488628,0.06748096290399648,-0.01981141768632672,-0.019922202966119566,-0.06537225748528477,-7.37025525064195e-05,-0.006666453980801517,0.018326010394877537,0.018399712947383958,-0.0,-7.37025525064195e-05,-3.685391759623053,-16.062956313292123,-37.312500672016604
2,-8.380419672413689,0.008502185622373941,-0.004316092481710083,0.0,5.921178841034837,0.18958899910447283,-0.8047342548911743,0.01,5.921119794991218,0.17590864419561314,5.92373222535764,-0.03401603021997732,4056.2168675590324,-0.09638693644046138,0.06413863933375183,-0.03723153614463914,-0.20799196203967943,-0.33364331893764176,-0.00126434318615577,-0.2814579498167976,0.00121480608453205,5.922220830039881,0.431007026907879,5.937884018486992,21.595810802914478,-0.07696593359892878,4065.9071674938878,-0.16476126124811744,0.06693032480435297,-0.01943490012677605,-0.020116608242146648,-0.06211262798629734,-7.1351112438937e-05,-0.006462871314526766,0.017435179596410465,0.017482092930756695,2.443777809270733e-05,-7.1351112438937e-05,-3.5093626197204006,-15.898553029599064,-35.113193469959526
3,-8.321207884003341,0.01039807561341867,-0.012363435030621827,0.0,5.886085214837633,0.030603468808482193,-1.1558661895907696,0.01,5.885842282925452,0.010955245341024888,5.88585247834794,-0.014224720179302135,4030.279086627292,-0.06547794526731994,0.06280244583393996,-0.03610879024297449,-0.2101426130240458,-0.21991296891106682,-0.001210583817367345,-0.2814390604414954,0.003479730838190097,5.890372248581996,0.3773368241165522,5.90244595957475,21.338806837241428,-0.07633594063126348,4041.641308261078,-0.16376670594065867,0.06710812676321884,-0.019334956145457598,-0.020496442812576267,-0.06084273510488192,-7.013943204705713e-05,-0.00466801623712598,0.01712470487468982,0.01712352220260876,7.13221041281214e-05,-7.013943204705713e-05,-3.548293166717262,-14.129318523322288,-39.86345506241418
4,-8.262347031854965,0.010704110301503492,-0.023922096926529524,0.0,5.85060228317046,-0.11068971642474068,-1.5545007402149114,0.01,5.849970165868978,-0.13710866786213055,5.851576687386148,-0.0004888924010573274,4006.809078841828,-0.026369674691082638,0.06359913986040097,-0.035895711442609425,-0.2127359839158544,-0.08241834191502903,-0.0011894646711263564,-0.2813800400099335,0.006732484898326764,5.861757294373075,0.3555270736468452,5.872529104077122,21.12304132291762,-0.08449983848950385,4021.156038286458,-0.17912065819029263,0.06971120598019515,-0.02006822530664508,-0.021092775545271728,-0.06571825877474503,-7.206333191308047e-05,-0.002548906186051648,0.01856174974433018,0.01849180628342092,0.000142006792822338,-7.206333191308047e-05,-3.597365530171171,-12.089024625996524,-51.243736451916526
5,-8.203841009023261,0.009597213137256085,-0.039467104328678636,0.0,5.814628627868748,-0.23157996268470593,-2.0669381047340765,0.01,5.8132421948133315,-0.2666905476642607,5.819356378825117,0.00637713073690533,3984.7465422363152,-0.002477825468996882,0.06459537811121563,-0.035926470217266186,-0.21184664350750626,0.0015896983914860186,-0.0011774097786207125,-0.2812413910247467,0.01110555011530286,5.83909509355257,0.3880185957780258,5.851973166567004,20.975423839609903,-0.1058213747018556,4007.0805640271547,-0.2166840572858238,0.07747090449356558,-0.020058052076520626,-0.02244080665513597,-0.0789273205993959,-7.15234444293379e-05,-0.001282617035642825,0.022375323493737345,0.022197629435230248,0.00024921750293643445,-7.15234444293379e-05,-3.604422310194496,-10.999809572429383,-67.50013430546701
6,-8.145694722744574,0.007281413510409026,-0.0601364853760194,0.0,5.778584404766803,-0.3415780584089998,-2.741939447788747,0.01,5.775782953780351,-0.38810676891857426,5.788807786864329,0.006958166722407011,3963.828696986474,-0.000280144191661896,0.06496130767901138,-0.03593357910186931,-0.2102537565790631,0.013217566779292903,-0.001165311185775434,-0.28095178822122024,0.016915849496747085,5.828021775115948,0.47951683293643227,5.847715297814697,20.944911700131325,-0.14222936216266127,4004.165030644496,-0.275407224862809,0.09509111634264823,-0.013732359880002485,-0.025703257616086685,-0.10050863147111934,-4.889592107058327e-05,-0.0011566499500995043,0.02862397625981785,0.028238079743478594,0.00043479243740984064,-4.889592107058327e-05,-3.6301079106946115,-11.15293945679733,-87.89996763106556
7,-8.087908878696906,0.0038656329263190283,-0.08755587985390687,0.0,5.742283325659857,-0.4531074529769731,-3.6209391240994027,0.01,5.736900622459528,-0.5144276237761687,5.7599187956152225,0.0018748766188683708,3944.047246857824,-0.01819963660111745,0.06468976637962129,-0.03590561449264968,-0.21208633832756138,-0.03964973686908241,-0.0011528114068502643,-0.28038241756885923,0.024612053696102316,5.837272205665669,0.6290132081853019,5.8710650157453985,21.11251020670458,-0.19489972875978867,4020.153518327621,-0.35990648430933536,0.12693530977061065,0.002917948041344178,-0.031456933669998494,-0.1333125497566315,1.0472885326937142e-05,-0.0020547749329932505,0.03816318761896085,0.03737849499303318,0.0007742197406007318,1.0472885326937142e-05,-3.7468195691932284,-12.470958255780214,-115.55286708712988
8,-8.030486045440307,-0.0006654416034507027,-0.1237652710949009,0.0,5.704815129967924,-0.5778170355347753,-4.776467794970701,0.01,5.694791032896126,-0.6583958774615027,5.732724486647988,-0.008662614196036492,3925.4262136074813,-0.05089207406682469,0.06431815670712253,-0.035986168613783585,-0.22179481567670084,-0.13729411724667645,-0.00114451352942814,-0.27930763739915687,0.034746179061863294,5.881710960646709,0.8441625278780636,5.9419806628822105,21.625619696315496,-0.2663150683480422,4068.7123040976567,-0.49920445678920905,0.17419426154979506,0.029777291412565143,-0.037317454644338624,-0.190761799251907,0.00010947190454466414,-0.003687143248493049,0.05468733832081221,0.0532812274550624,0.0012966389612051518,0.00010947190454466414,-3.9863426203236836,-14.857014099978208,-163.20902316760123
9,-7.973437894140628,-0.006443611958798456,-0.17152994904460792,0.0,5.664951703764688,-0.7263871765345573,-6.4085580266467135,0.01,5.646355793785472,-0.8337338632581094,5.707577936809892,-0.024930536494485928,3908.207363103475,-0.08623295282685621,0.0650944083459598,-0.036569654428939585,-0.24272590066227945,-0.238963837694535,-0.0011528896421014454,-0.27733007368975277,0.0480425175873858,5.993114821044961,1.1679661185869508,6.105863584489653,22.834961693843063,-0.3640020737877334,4180.92950866396,-0.7064362725958006,0.24267755323688167,0.07019993603135223,-0.04000924924703605,-0.2871909459811769,0.00027251218453164743,-0.0054555691387081304,0.08184134345713007,0.07964668621198959,0.0019221450606088314,0.00027251218453164743,-4.349771537066392,-17.904688979626336,-244.44705736384492
10,-7.916788377102981,-0.013707483724144029,-0.23561552931107504,0.0,5.621453988394024,-0.9054340663308207,-8.853028600285162,0.01,5.586320687808663,-1.0517773222049698,5.684471335361338,-0.04951682588739778,3892.385347019362,-0.10148725304613813,0.06977304268437438,-0.03853252926198938,-0.2731410778201526,-0.27151166785392516,-0.001204955084409038,-0.27368405098001536,0.06570459274713093,6.24145341048863,1.6770939785071037,6.462846500424247,25.58313574392814,-0.4981175666432289,4425.370018457072,-0.9578825590071617,0.3794198293375021,0.15922492276509356,-0.05125625980581876,-0.44514579471873894,0.0006924903781956966,-0.006298352506435519,0.12588956642982094,0.1218293043753428,0.003367771676282458,0.0006924903781956966,-4.99072827116879,-20.83549942419483,-382.7115793613335
11,-7.860573837219041,-0.022761824387452237,-0.32414581531392667,0.0,5.571546705682336,-1.113789060572769,-12.680144393898498,0.01,5.5028902361545375,-1.3181256971964097,5.658556026476672,-0.08904216347699753,3874.640096385647,-0.07124169374111716,0.08404957223795244,-0.042363589077570825,-0.304699943230155,-0.1540129334523563,-0.0013127050842774827,-0.26680298565405175,0.08964496703653713,6.783131462055256,2.4921515857267744,7.22645777388655,31.985786324131283,-0.6762406114880843,4948.24526160482,-0.9764831834349034,0.7825033503200942,0.24387535624955256,-0.21627653481282244,-0.6451345863119875,0.001326092655902329,-0.005089393977567002,0.1928380292667041,0.17212383377672982,0.01938810283407194,0.001326092655902329,-8.01502273912273,-22.10457722714375,-600.8265521953203
12,-7.804858370162218,-0.033899714993179925,-0.4509472592529117,0.0,5.491396478291109,-1.3348348328442063,-18.6884099158517,0.01,5.352935711994827,-1.6207785203676515,5.592928012127075,-0.1569391648879206,3829.7019647041175,-0.11303109721705387,0.11313130807547443,-0.039624496746874543,-0.4269332191000097,-0.228240671718556,-0.001199514213318703,-0.2533242734530542,0.12266566654276242,7.934821765872557,3.711230241098945,8.759830269966034,46.9999586446506,-0.8884343735833524,5998.206864565897,-0.9788421615616402,1.2046166292404754,0.24471048742006493,-0.5404942416500989,-1.1162079343134734,0.0019552350740714083,-0.007283042405925064,0.3510178854711008,0.2827625639824951,0.06630008641453428,0.0019552350740714083,-14.883499396155514,-30.493824708185066,-1100.0081055726232
13,-7.749944405379306,-0.047248063321621986,-0.6378313584114287,0.0,5.342561484329554,-1.639773079926057,-29.688490971577934,0.01,5.042032969548833,-2.04524698685062,5.441059795962545,-0.2524730134253137,3725.7117104830163,-0.27089959707175487,0.1605217753767552,-0.020649811789648777,-0.7179166137661465,-0.5463455912144154,-0.0005916246698545001,-0.22612231959163132,0.16759698640309176,10.646005862812867,5.515648806977998,11.989988431727728,88.0528913381909,-1.115850389188102,8210.025617029885,-0.7894373739622533,1.6138311107610068,0.1973593434840426,-1.6013460754534552,-2.160540746467782,0.0029542703404841063,-0.014055214940377054,0.7598815319384307,0.4885464851635295,0.2683807764344171,0.0029542703404841063,-35.680964449532325,-51.45440519511072,-2386.7670403482384
14,-7.696518790536011,-0.06364579412088256,-0.9347162681272081,0.0,4.985751839834231,-2.154317131877164,-53.55616137506032,0.01,4.253354220298185,-2.695169761189288,5.035371104989036,-0.3699156574815319,3447.9204044782387,-0.5213418180357436,0.23118148420295362,0.019952283525074287,-1.1638633395968523,-0.7769373095475154,0.0004895744609300636,-0.16720072163099714,0.22641548523670324,17.910415713999747,7.390141032454436,19.375169045142723,229.9307700108123,-1.326051763897403,13266.95476819443,-0.4701750656781723,1.8825731740850171,0.11754376641954155,-6.101343846831014,-4.505650905759918,0.004594577882878762,-0.021231194484359898,2.1393813884195105,0.7533480828604142,1.3814387276762177,0.004594577882878762,-111.77241825273639,-91.08058792780665,-6778.429446871932
15,-7.646661272137669,-0.08518896543965421,-1.4702778818778113,0.0,3.8680276573068673,-3.0651230111552303,-121.34045584377964,0.01,1.8156522964896005,-3.2721222313347442,3.7421086513547444,-0.4060679173720745,2562.3717707711353,-0.5912474196825811,0.25963458301421366,0.03395563100701553,-0.87132947945588,-0.0810995256797292,0.00046015884202595553,-0.02824435951566796,0.28003983542426186,40.08641637761157,0.587804403777369,40.090725760658735,984.4506038600119,-1.4849402617686966,27451.726694693654,-0.1708695495715764,1.9852936603009312,0.0427173873928941,-33.1797015676264,-3.346450413783158,0.007149036828423632,-0.013137921516911417,9.393305551840891,0.09451834858824731,9.291638166424221,0.007149036828423632,-523.8620161089582,-62.54153753019826,-30018.081184251296
16,-7.6079809955646,-0.1158401955512065,-2.6836824403156077,0.0,-1.3705925037827145,-3.690538386457213,-421.5212676862926,0.01,-4.538437741331169,2.737083904426788,5.299909945632317,-5.2825869404281915,3629.0607509220727,0.9087987589485201,1.4172347249853845,-0.22719968973713003,2.0231667547599024,-4.1050454047780365,-0.006176008634490297,0.2524640240573511,0.12442656398722594,54.53255874707235,-117.11916704911604,129.19248915390418,10223.05329294126,-1.5486501639740389,88463.27513333294,-0.044277844873502246,1.9990192552965924,0.011069461218375562,-153.62028617717462,311.6986844981823,0.019237827633131976,0.06494060937134877,97.82638637718708,78.69270418179377,19.11444436776018,0.019237827633131976,-2332.263375729457,4722.399832206218,-313268.36753077386
